Date,AdjClose
2009-06-25,1.129849
2009-06-26,1.123991
2009-06-29,1.155881
2009-06-30,1.128286
2009-07-01,1.140392
2009-07-02,1.046281
2009-07-06,1.049145
2009-07-07,0.983801
2009-07-08,0.984972
2009-07-09,0.991090
2009-07-10,0.981588
2009-07-13,1.053311
2009-07-14,1.074918
2009-07-15,1.166816
2009-07-16,1.198055
2009-07-17,1.195973
2009-07-20,1.232290
2009-07-21,1.252726
2009-07-22,1.250383
2009-07-23,1.333429
2009-07-24,1.350872
2009-07-27,1.362326
2009-07-28,1.350741
2009-07-29,1.332778
2009-07-30,1.374432
2009-07-31,1.378467
2009-08-03,1.447846
2009-08-04,1.461773
2009-08-05,1.451360
2009-08-06,1.424155
2009-08-07,1.480648
2009-08-10,1.470365
2009-08-11,1.414393
2009-08-12,1.463596
2009-08-13,1.496659
2009-08-14,1.460863
2009-08-17,1.352304
2009-08-18,1.389401
2009-08-19,1.421292
2009-08-20,1.467762
2009-08-21,1.549766
2009-08-24,1.549506
2009-08-25,1.559790
2009-08-26,1.559399
2009-08-27,1.573848
2009-08-28,1.568250
2009-08-31,1.529721
2009-09-01,1.425196
2009-09-02,1.411660
2009-09-03,1.442899
2009-09-04,1.506030
2009-09-08,1.545601
2009-09-09,1.581918
2009-09-10,1.630080
2009-09-11,1.627737
2009-09-14,1.655202
2009-09-15,1.674076
2009-09-16,1.748402
2009-09-17,1.740071
2009-09-18,1.745147
2009-09-21,1.730438
2009-09-22,1.762980
2009-09-23,1.715729
2009-09-24,1.660290
2009-09-25,1.634766
2009-09-28,1.719936
2009-09-29,1.710169
2009-09-30,1.687639
2009-10-01,1.560014
2009-10-02,1.542694
2009-10-05,1.607158
2009-10-06,1.677871
2009-10-07,1.690764
2009-10-08,1.731657
2009-10-09,1.759395
2009-10-12,1.782055
2009-10-13,1.772549
2009-10-14,1.862667
2009-10-15,1.879466
2009-10-16,1.839226
2009-10-19,1.884675
2009-10-20,1.856676
2009-10-21,1.805887
2009-10-22,1.857457
2009-10-23,1.795729
2009-10-26,1.732438
2009-10-27,1.711341
2009-10-28,1.615363
2009-10-29,1.717852
2009-10-30,1.571214
2009-11-02,1.603120
2009-11-03,1.618878
2009-11-04,1.627473
2009-11-05,1.719806
2009-11-06,1.736605
2009-11-09,1.853160
2009-11-10,1.851597
2009-11-11,1.882462
2009-11-12,1.822556
2009-11-13,1.855765
2009-11-16,1.935074
2009-11-17,1.942107
2009-11-18,1.939502
2009-11-19,1.863317
2009-11-20,1.846779
2009-11-23,1.915280
2009-11-24,1.920228
2009-11-25,1.940023
2009-11-27,1.846258
2009-11-30,1.866444
2009-12-01,1.927782
2009-12-02,1.933251
2009-12-03,1.887150
2009-12-04,1.916972
2009-12-07,1.908117
2009-12-08,1.847950
2009-12-09,1.863839
2009-12-10,1.896266
2009-12-11,1.924266
2009-12-14,1.960338
2009-12-15,1.931688
2009-12-16,1.940413
2009-12-17,1.872694
2009-12-18,1.902256
2009-12-21,1.957734
2009-12-22,1.981045
2009-12-23,1.994702
2009-12-24,2.025977
2009-12-28,2.039399
2009-12-29,2.025977
2009-12-30,2.019721
2009-12-31,1.963427
2010-01-04,2.062204
2010-01-05,2.079926
2010-01-06,2.085921
2010-01-07,2.111332
2010-01-08,2.131922
2010-01-11,2.139480
2010-01-12,2.081360
2010-01-13,2.134398
2010-01-14,2.150296
2010-01-15,2.079014
2010-01-19,2.156941
2010-01-20,2.091655
2010-01-21,1.969160
2010-01-22,1.841454
2010-01-25,1.864129
2010-01-26,1.840672
2010-01-27,1.868168
2010-01-28,1.802751
2010-01-29,1.743719
2010-02-01,1.825295
2010-02-02,1.892927
2010-02-03,1.864780
2010-02-04,1.693678
2010-02-05,1.703453
2010-02-08,1.666834
2010-02-09,1.727038
2010-02-10,1.717526
2010-02-11,1.769000
2010-02-12,1.764178
2010-02-16,1.848491
2010-02-17,1.874292
2010-02-18,1.909738
2010-02-19,1.922248
2010-02-22,1.919121
2010-02-23,1.850055
2010-02-24,1.902049
2010-02-25,1.895664
2010-02-26,1.899573
2010-03-01,1.956781
2010-03-02,1.970333
2010-03-03,1.978152
2010-03-04,1.995614
2010-03-05,2.082402
2010-03-08,2.082142
2010-03-09,2.092567
2010-03-10,2.120975
2010-03-11,2.148340
2010-03-12,2.146777
2010-03-15,2.150296
2010-03-16,2.201640
2010-03-17,2.239430
2010-03-18,2.237606
2010-03-19,2.201247
2010-03-22,2.237084
2010-03-23,2.286343
2010-03-24,2.253412
2010-03-25,2.240116
2010-03-26,2.241290
2010-03-29,2.279747
2010-03-30,2.283787
2010-03-31,2.258627
2010-04-01,2.306601
2010-04-05,2.360961
2010-04-06,2.378168
2010-04-07,2.340493
2010-04-08,2.360961
2010-04-09,2.407631
2010-04-12,2.421187
2010-04-13,2.428748
2010-04-14,2.506575
2010-04-15,2.516220
2010-04-16,2.396027
2010-04-19,2.418451
2010-04-20,2.484282
2010-04-21,2.470464
2010-04-22,2.493277
2010-04-23,2.542422
2010-04-26,2.512701
2010-04-27,2.334759
2010-04-28,2.385078
2010-04-29,2.476460
2010-04-30,2.350792
2010-05-03,2.445174
2010-05-04,2.268666
2010-05-05,2.230861
2010-05-06,2.008596
2010-05-07,1.920081
2010-05-10,2.169070
2010-05-11,2.150298
2010-05-12,2.241550
2010-05-13,2.158120
2010-05-14,2.041577
2010-05-17,2.043793
2010-05-18,1.962318
2010-05-19,1.927381
2010-05-20,1.706421
2010-05-21,1.768473
2010-05-24,1.713720
2010-05-25,1.719456
2010-05-26,1.683868
2010-05-27,1.856466
2010-05-28,1.783072
2010-06-01,1.697164
2010-06-02,1.827004
2010-06-03,1.845907
2010-06-04,1.660403
2010-06-07,1.591703
2010-06-08,1.637851
2010-06-09,1.613082
2010-06-10,1.758434
2010-06-11,1.781509
2010-06-14,1.775771
2010-06-15,1.893879
2010-06-16,1.892184
2010-06-17,1.901179
2010-06-18,1.907045
2010-06-21,1.888403
2010-06-22,1.797238
2010-06-23,1.780269
2010-06-24,1.692562
2010-06-25,1.724930
2010-06-28,1.694911
2010-06-29,1.540638
2010-06-30,1.487387
2010-07-01,1.477859
2010-07-02,1.452147
2010-07-06,1.479164
2010-07-07,1.618819
2010-07-08,1.666327
2010-07-09,1.702350
2010-07-12,1.707310
2010-07-13,1.784708
2010-07-14,1.784055
2010-07-15,1.785360
2010-07-16,1.637743
2010-07-19,1.668154
2010-07-20,1.721276
2010-07-21,1.656539
2010-07-22,1.765652
2010-07-23,1.811072
2010-07-26,1.870066
2010-07-27,1.866412
2010-07-28,1.831303
2010-07-29,1.804154
2010-07-30,1.802327
2010-08-02,1.924101
2010-08-03,1.897345
2010-08-04,1.934673
2010-08-05,1.927756
2010-08-06,1.903871
2010-08-09,1.934150
2010-08-10,1.906220
2010-08-11,1.748945
2010-08-12,1.717230
2010-08-13,1.698304
2010-08-16,1.697783
2010-08-17,1.756254
2010-08-18,1.768522
2010-08-19,1.677683
2010-08-20,1.662151
2010-08-23,1.639963
2010-08-24,1.569875
2010-08-25,1.582796
2010-08-26,1.551862
2010-08-27,1.624953
2010-08-30,1.555256
2010-08-31,1.559694
2010-09-01,1.694519
2010-09-02,1.741897
2010-09-03,1.808070
2010-09-07,1.750512
2010-09-08,1.784577
2010-09-09,1.809636
2010-09-10,1.837828
2010-09-13,1.897736
2010-09-14,1.893560
2010-09-15,1.918227
2010-09-16,1.914703
2010-09-17,1.916139
2010-09-20,2.007241
2010-09-21,1.990951
2010-09-22,1.965739
2010-09-23,1.915838
2010-09-24,2.030664
2010-09-27,2.005189
2010-09-28,2.026351
2010-09-29,2.011461
2010-09-30,1.995523
2010-10-01,2.020866
2010-10-04,1.976713
2010-10-05,2.093889
2010-10-06,2.095326
2010-10-07,2.086965
2010-10-08,2.119884
2010-10-11,2.126938
2010-10-12,2.147970
2010-10-13,2.194604
2010-10-14,2.180106
2010-10-15,2.185853
2010-10-18,2.155285
2010-10-19,2.125239
2010-10-20,2.191601
2010-10-21,2.203358
2010-10-22,2.220078
2010-10-25,2.233664
2010-10-26,2.236408
2010-10-27,2.219163
2010-10-28,2.222430
2010-10-29,2.223867
2010-11-01,2.225827
2010-11-02,2.276381
2010-11-03,2.305903
2010-11-04,2.438363
2010-11-05,2.470499
2010-11-08,2.455605
2010-11-09,2.400218
2010-11-10,2.427651
2010-11-11,2.397998
2010-11-12,2.314264
2010-11-15,2.305903
2010-11-16,2.197480
2010-11-17,2.200876
2010-11-18,2.297282
2010-11-19,2.314785
2010-11-22,2.311258
2010-11-23,2.207669
2010-11-24,2.303683
2010-11-26,2.243461
2010-11-29,2.247903
2010-11-30,2.205579
2010-12-01,2.348489
2010-12-02,2.439930
2010-12-03,2.458872
2010-12-06,2.450904
2010-12-07,2.454822
2010-12-08,2.481732
2010-12-09,2.513868
2010-12-10,2.556975
2010-12-13,2.562071
2010-12-14,2.567819
2010-12-15,2.531895
2010-12-16,2.576049
2010-12-17,2.587152
2010-12-20,2.599955
2010-12-21,2.650247
2010-12-22,2.677027
2010-12-23,2.664878
2010-12-27,2.664878
2010-12-28,2.679640
2010-12-29,2.686040
2010-12-30,2.675458
2010-12-31,2.676765
2011-01-03,2.754621
2011-01-04,2.745999
2011-01-05,2.792505
2011-01-06,2.776046
2011-01-07,2.760891
2011-01-10,2.752139
2011-01-11,2.778136
2011-01-12,2.856253
2011-01-13,2.846977
2011-01-14,2.896486
2011-01-18,2.918955
2011-01-19,2.915559
2011-01-20,2.821374
2011-01-21,2.843190
2011-01-24,2.887342
2011-01-25,2.891132
2011-01-26,2.926010
2011-01-27,2.946258
2011-01-28,2.790676
2011-01-31,2.852464
2011-02-01,2.988582
2011-02-02,2.972123
2011-02-03,2.990933
2011-02-04,3.021108
2011-02-07,3.075452
2011-02-08,3.117384
2011-02-09,3.095962
2011-02-10,3.100403
2011-02-11,3.155660
2011-02-14,3.172901
2011-02-15,3.148344
2011-02-16,3.202033
2011-02-17,3.235868
2011-02-18,3.255854
2011-02-22,3.061866
2011-02-23,3.011181
2011-02-24,3.000208
2011-02-25,3.087340
2011-02-28,3.148866
2011-03-01,2.990933
2011-03-02,3.006610
2011-03-03,3.161800
2011-03-04,3.095176
2011-03-07,3.016406
2011-03-08,3.096352
2011-03-09,3.086164
2011-03-10,2.913339
2011-03-11,2.974474
2011-03-14,2.921960
2011-03-15,2.823987
2011-03-16,2.664094
2011-03-17,2.762459
2011-03-18,2.800081
2011-03-21,2.926663
2011-03-22,2.898447
2011-03-23,2.921568
2011-03-24,3.003866
2011-03-25,3.029339
2011-03-28,3.010919
2011-03-29,3.070096
2011-03-30,3.133191
2011-03-31,3.123786
2011-04-01,3.159056
2011-04-04,3.168461
2011-04-05,3.168854
2011-04-06,3.192367
2011-04-07,3.172381
2011-04-08,3.143772
2011-04-11,3.113597
2011-04-12,3.044622
2011-04-13,3.039529
2011-04-14,3.046582
2011-04-15,3.072056
2011-04-18,2.979569
2011-04-19,3.022678
2011-04-20,3.151610
2011-04-21,3.197853
2011-04-25,3.186097
2011-04-26,3.269962
2011-04-27,3.331098
2011-04-28,3.364017
2011-04-29,3.396544
2011-05-02,3.371071
2011-05-03,3.337367
2011-05-04,3.271922
2011-05-05,3.186881
2011-05-06,3.220582
2011-05-09,3.265651
2011-05-10,3.347557
2011-05-11,3.237435
2011-05-12,3.284461
2011-05-13,3.204908
2011-05-16,3.147691
2011-05-17,3.147691
2011-05-18,3.232731
2011-05-19,3.253894
2011-05-20,3.174731
2011-05-23,3.063042
2011-05-24,3.058730
2011-05-25,3.086164
2011-05-26,3.123786
2011-05-27,3.163758
2011-05-31,3.262908
2011-06-01,3.048542
2011-06-02,3.031691
2011-06-03,2.944690
2011-06-06,2.847501
2011-06-07,2.840838
2011-06-08,2.807135
2011-06-09,2.866311
2011-06-10,2.751095
2011-06-13,2.755797
2011-06-14,2.860825
2011-06-15,2.708378
2011-06-16,2.722486
2011-06-17,2.749527
2011-06-20,2.794986
2011-06-21,2.905892
2011-06-22,2.856123
2011-06-23,2.829865
2011-06-24,2.731500
2011-06-27,2.802824
2011-06-28,2.912162
2011-06-29,2.987799
2011-06-30,3.071272
2011-07-01,3.209217
2011-07-05,3.196286
2011-07-06,3.208434
2011-07-07,3.318165
2011-07-08,3.244880
2011-07-11,3.073624
2011-07-12,3.027771
2011-07-13,3.061082
2011-07-14,2.996419
2011-07-15,3.040705
2011-07-18,2.969771
2011-07-19,3.112420
2011-07-20,3.106934
2011-07-21,3.235083
2011-07-22,3.242922
2011-07-25,3.188840
2011-07-26,3.153570
2011-07-27,2.963892
2011-07-28,2.938028
2011-07-29,2.874933
2011-08-01,2.834960
2011-08-02,2.624903
2011-08-03,2.662135
2011-08-04,2.285525
2011-08-05,2.275728
2011-08-08,1.826226
2011-08-09,2.080174
2011-08-10,1.807023
2011-08-11,2.048037
2011-08-12,2.093105
2011-08-15,2.218118
2011-08-16,2.164037
2011-08-17,2.169916
2011-08-18,1.886969
2011-08-19,1.799575
2011-08-22,1.801927
2011-08-23,1.974753
2011-08-24,2.059793
2011-08-25,1.965739
2011-08-26,2.051957
2011-08-29,2.229092
2011-08-30,2.240849
2011-08-31,2.268673
2011-09-01,2.205579
2011-09-02,2.035888
2011-09-06,1.990821
2011-09-07,2.157768
2011-09-08,2.089969
2011-09-09,1.928117
2011-09-12,1.964563
2011-09-13,2.013550
2011-09-14,2.099767
2011-09-15,2.209889
2011-09-16,2.247510
2011-09-19,2.180889
2011-09-20,2.174618
2011-09-21,1.977532
2011-09-22,1.790092
2011-09-23,1.817149
2011-09-26,1.948122
2011-09-27,2.009687
2011-09-28,1.888518
2011-09-29,1.937142
2011-09-30,1.799112
2011-10-03,1.639512
2011-10-04,1.737154
2011-10-05,1.843030
2011-10-06,1.942632
2011-10-07,1.902635
2011-10-10,2.097133
2011-10-11,2.098703
2011-10-12,2.158306
2011-10-13,2.142229
2011-10-14,2.252417
2011-10-17,2.123799
2011-10-18,2.249282
2011-10-19,2.170070
2011-10-20,2.196343
2011-10-21,2.320649
2011-10-24,2.411625
2011-10-25,2.268496
2011-10-26,2.336728
2011-10-27,2.575537
2011-10-28,2.585340
2011-10-31,2.385744
2011-11-01,2.193990
2011-11-02,2.299474
2011-11-03,2.422997
2011-11-04,2.379862
2011-11-07,2.422997
2011-11-08,2.516717
2011-11-09,2.239478
2011-11-10,2.300650
2011-11-11,2.433976
2011-11-14,2.361039
2011-11-15,2.399860
2011-11-16,2.282221
2011-11-17,2.173599
2011-11-18,2.163797
2011-11-21,2.039099
2011-11-22,2.017138
2011-11-23,1.886557
2011-11-25,1.866950
2011-11-28,2.034783
2011-11-29,2.050861
2011-11-30,2.305749
2011-12-01,2.302219
2011-12-02,2.298691
2011-12-05,2.373196
2011-12-06,2.375156
2011-12-07,2.402998
2011-12-08,2.244967
2011-12-09,2.357118
2011-12-12,2.255556
2011-12-13,2.189284
2011-12-14,2.117524
2011-12-15,2.140269
2011-12-16,2.152423
2011-12-19,2.082232
2011-12-20,2.273201
2011-12-21,2.285749
2011-12-22,2.352021
2011-12-23,2.407312
2011-12-27,2.408880
2011-12-28,2.324178
2011-12-29,2.390057
2011-12-30,2.358687
2012-01-03,2.472798
2012-01-04,2.476719
2012-01-05,2.501815
2012-01-06,2.483385
2012-01-09,2.495543
2012-01-10,2.560636
2012-01-11,2.567694
2012-01-12,2.584164
2012-01-13,2.556715
2012-01-17,2.571616
2012-01-18,2.657493
2012-01-19,2.699059
2012-01-20,2.704941
2012-01-23,2.707294
2012-01-24,2.699451
2012-01-25,2.765722
2012-01-26,2.726116
2012-01-27,2.720626
2012-01-30,2.692785
2012-01-31,2.686510
2012-02-01,2.758271
2012-02-02,2.773173
2012-02-03,2.891204
2012-02-06,2.884538
2012-02-07,2.906498
2012-02-08,2.927673
2012-02-09,2.939829
2012-02-10,2.882185
2012-02-13,2.941005
2012-02-14,2.929634
2012-02-15,2.887675
2012-02-16,2.981004
2012-02-17,3.009237
2012-02-21,3.013943
2012-02-22,2.979827
2012-02-23,3.024923
2012-02-24,3.040217
2012-02-27,3.053940
2012-02-28,3.082958
2012-02-29,3.042177
2012-03-01,3.096291
2012-03-02,3.068057
2012-03-05,3.028060
2012-03-06,2.893166
2012-03-07,2.955123
2012-03-08,3.043745
2012-03-09,3.077860
2012-03-12,3.079037
2012-03-13,3.248047
2012-03-14,3.234714
2012-03-15,3.287652
2012-03-16,3.309219
2012-03-19,3.344904
2012-03-20,3.313140
2012-03-21,3.299024
2012-03-22,3.225303
2012-03-23,3.257066
2012-03-26,3.392745
2012-03-27,3.362550
2012-03-28,3.313140
2012-03-29,3.295103
2012-03-30,3.324905
2012-04-02,3.407254
2012-04-03,3.367256
2012-04-04,3.269615
2012-04-05,3.262163
2012-04-09,3.155111
2012-04-10,2.993160
2012-04-11,3.056293
2012-04-12,3.189227
2012-04-13,3.067664
2012-04-16,3.059039
2012-04-17,3.197069
2012-04-18,3.166876
2012-04-19,3.108055
2012-04-20,3.120994
2012-04-23,3.044921
2012-04-24,3.080214
2012-04-25,3.207657
2012-04-26,3.271182
2012-04-27,3.286085
2012-04-30,3.245694
2012-05-01,3.306867
2012-05-02,3.280986
2012-05-03,3.208833
2012-05-04,3.050803
2012-05-07,3.055117
2012-05-08,3.018648
2012-05-09,2.962574
2012-05-10,2.981788
2012-05-11,2.954339
2012-05-14,2.857481
2012-05-15,2.809248
2012-05-16,2.776701
2012-05-17,2.647689
2012-05-18,2.582203
2012-05-21,2.717489
2012-05-22,2.720626
2012-05-23,2.731998
2012-05-24,2.750821
2012-05-25,2.726116
2012-05-29,2.822189
2012-05-30,2.697882
2012-05-31,2.682590
2012-06-01,2.479072
2012-06-04,2.478287
2012-06-05,2.526127
2012-06-06,2.704941
2012-06-07,2.703765
2012-06-08,2.769643
2012-06-11,2.666904
2012-06-12,2.761409
2012-06-13,2.704156
2012-06-14,2.791210
2012-06-15,2.871205
2012-06-18,2.888852
2012-06-19,2.974730
2012-06-20,2.959273
2012-06-21,2.761179
2012-06-22,2.824334
2012-06-25,2.686254
2012-06-26,2.729796
2012-06-27,2.805111
2012-06-28,2.778830
2012-06-29,2.990263
2012-07-02,3.011838
2012-07-03,3.072639
2012-07-05,3.029490
2012-07-06,2.943583
2012-07-09,2.934560
2012-07-10,2.856891
2012-07-11,2.855715
2012-07-12,2.818842
2012-07-13,2.957704
2012-07-16,2.932992
2012-07-17,2.996147
2012-07-18,3.064402
2012-07-19,3.085191
2012-07-20,3.001639
2012-07-23,2.909847
2012-07-24,2.838454
2012-07-25,2.836101
2012-07-26,2.975357
2012-07-27,3.145602
2012-07-30,3.138541
2012-07-31,3.095391
2012-08-01,3.071855
2012-08-02,3.003599
2012-08-03,3.181690
2012-08-06,3.197381
2012-08-07,3.245629
2012-08-08,3.259751
2012-08-09,3.268773
2012-08-10,3.283288
2012-08-13,3.278973
2012-08-14,3.281327
2012-08-15,3.289955
2012-08-16,3.360956
2012-08-17,3.377432
2012-08-20,3.378609
2012-08-21,3.347620
2012-08-22,3.347620
2012-08-23,3.269559
2012-08-24,3.329575
2012-08-27,3.329575
2012-08-28,3.319376
2012-08-29,3.326044
2012-08-30,3.254260
2012-08-31,3.297409
2012-09-04,3.281719
2012-09-05,3.282895
2012-09-06,3.480206
2012-09-07,3.526494
2012-09-10,3.465300
2012-09-11,3.491975
2012-09-12,3.525316
2012-09-13,3.694777
2012-09-14,3.740280
2012-09-17,3.706937
2012-09-18,3.693599
2012-09-19,3.699484
2012-09-20,3.699092
2012-09-21,3.691247
2012-09-24,3.675163
2012-09-25,3.562191
2012-09-26,3.498643
2012-09-27,3.601418
2012-09-28,3.545323
2012-10-01,3.568859
2012-10-02,3.584550
2012-10-03,3.628092
2012-10-04,3.709684
2012-10-05,3.705367
2012-10-08,3.665748
2012-10-09,3.560229
2012-10-10,3.496682
2012-10-11,3.500212
2012-10-12,3.457454
2012-10-15,3.551207
2012-10-16,3.656727
2012-10-17,3.705367
2012-10-18,3.678302
2012-10-19,3.486091
2012-10-22,3.493543
2012-10-23,3.350758
2012-10-24,3.321730
2012-10-25,3.349582
2012-10-26,3.342911
2012-10-31,3.333891
2012-11-01,3.448040
2012-11-02,3.350365
2012-11-05,3.375079
2012-11-06,3.449609
2012-11-07,3.219347
2012-11-08,3.098529
2012-11-09,3.104805
2012-11-12,3.116574
2012-11-13,3.087938
2012-11-14,2.962020
2012-11-15,2.944761
2012-11-16,2.987125
2012-11-19,3.164038
2012-11-20,3.178552
2012-11-21,3.195420
2012-11-23,3.320553
2012-11-26,3.301331
2012-11-27,3.255044
2012-11-28,3.327222
2012-11-29,3.378215
2012-11-30,3.367625
2012-12-03,3.323691
2012-12-04,3.307216
2012-12-05,3.324868
2012-12-06,3.361741
2012-12-07,3.391161
2012-12-10,3.400969
2012-12-11,3.466868
2012-12-12,3.474715
2012-12-13,3.414306
2012-12-14,3.368018
2012-12-17,3.486875
2012-12-18,3.608870
2012-12-19,3.533163
2012-12-20,3.586511
2012-12-21,3.492759
2012-12-24,3.446470
2012-12-26,3.408295
2012-12-27,3.400056
2012-12-28,3.282745
2012-12-31,3.462439
2013-01-02,3.719818
2013-01-03,3.689606
2013-01-04,3.744928
2013-01-07,3.717463
2013-01-08,3.676659
2013-01-09,3.709616
2013-01-10,3.790047
2013-01-11,3.798286
2013-01-14,3.781415
2013-01-15,3.790047
2013-01-16,3.789654
2013-01-17,3.859100
2013-01-18,3.892841
2013-01-22,3.947769
2013-01-23,3.965817
2013-01-24,3.972095
2013-01-25,4.039578
2013-01-28,4.024671
2013-01-29,4.071750
2013-01-30,4.028201
2013-01-31,3.995242
2013-02-01,4.117263
2013-02-04,3.979942
2013-02-05,4.099606
2013-02-06,4.107845
2013-02-07,4.095683
2013-02-08,4.160812
2013-02-11,4.154926
2013-02-12,4.175328
2013-02-13,4.189846
2013-02-14,4.202793
2013-02-15,4.189454
2013-02-19,4.272630
2013-02-20,4.114515
2013-02-21,4.042715
2013-02-22,4.160812
2013-02-25,3.925799
2013-02-26,4.005837
2013-02-27,4.154142
2013-02-28,4.137664
2013-03-01,4.176505
2013-03-04,4.231434
2013-03-05,4.349137
2013-03-06,4.371500
2013-03-07,4.395827
2013-03-08,4.451147
2013-03-11,4.498228
2013-03-12,4.466450
2013-03-13,4.484106
2013-03-14,4.557474
2013-03-15,4.539817
2013-03-18,4.461349
2013-03-19,4.432313
2013-03-20,4.523940
2013-03-21,4.408967
2013-03-22,4.510989
2013-03-25,4.466256
2013-03-26,4.569457
2013-03-27,4.563570
2013-03-28,4.594177
2013-04-01,4.550231
2013-04-02,4.614190
2013-04-03,4.472928
2013-04-04,4.533357
2013-04-05,4.468611
2013-04-08,4.551799
2013-04-09,4.611050
2013-04-10,4.783314
2013-04-11,4.828831
2013-04-12,4.789985
2013-04-15,4.463902
2013-04-16,4.649112
2013-04-17,4.447815
2013-04-18,4.365802
2013-04-19,4.478029
2013-04-22,4.543559
2013-04-23,4.680111
2013-04-24,4.689138
2013-04-25,4.747605
2013-04-26,4.717390
2013-04-29,4.812744
2013-04-30,4.844527
2013-05-01,4.715429
2013-05-02,4.850021
2013-05-03,4.996386
2013-05-06,5.037193
2013-05-07,5.110963
2013-05-08,5.182381
2013-05-09,5.141571
2013-05-10,5.190228
2013-05-13,5.198862
2013-05-14,5.362883
2013-05-15,5.445286
2013-05-16,5.367982
2013-05-17,5.528474
2013-05-20,5.526906
2013-05-21,5.548878
2013-05-22,5.420564
2013-05-23,5.377401
2013-05-24,5.358175
2013-05-28,5.457843
2013-05-29,5.386427
2013-05-30,5.411147
2013-05-31,5.174141
2013-06-03,5.257328
2013-06-04,5.187875
2013-06-05,4.955967
2013-06-06,5.096838
2013-06-07,5.293037
2013-06-10,5.293428
2013-06-11,5.135684
2013-06-12,5.001485
2013-06-13,5.233000
2013-06-14,5.134900
2013-06-17,5.253406
2013-06-18,5.373477
2013-06-19,5.156874
2013-06-20,4.768402
2013-06-21,4.807642
2013-06-24,4.627138
2013-06-25,4.766048
2013-06-26,4.900695
2013-06-27,4.994124
2013-06-28,4.903836
2013-07-01,5.015321
2013-07-02,4.995694
2013-07-03,5.011397
2013-07-05,5.167635
2013-07-08,5.254783
2013-07-09,5.360774
2013-07-10,5.371764
2013-07-11,5.598664
2013-07-12,5.600234
2013-07-15,5.673249
2013-07-16,5.604158
2013-07-17,5.642632
2013-07-18,5.734489
2013-07-19,5.772174
2013-07-22,5.802008
2013-07-23,5.767464
2013-07-24,5.703868
2013-07-25,5.739200
2013-07-26,5.758042
2013-07-29,5.700728
2013-07-30,5.707793
2013-07-31,5.708579
2013-08-01,5.911139
2013-08-02,5.941758
2013-08-05,5.918990
2013-08-06,5.822422
2013-08-07,5.759611
2013-08-08,5.822422
2013-08-09,5.772174
2013-08-12,5.746265
2013-08-13,5.807504
2013-08-14,5.714074
2013-08-15,5.465193
2013-08-16,5.419656
2013-08-19,5.317592
2013-08-20,5.392178
2013-08-21,5.292467
2013-08-22,5.429078
2013-08-23,5.487178
2013-08-26,5.435360
2013-08-27,5.160567
2013-08-28,5.215527
2013-08-29,5.246145
2013-08-30,5.182551
2013-09-03,5.261062
2013-09-04,5.393747
2013-09-05,5.402385
2013-09-06,5.416515
2013-09-09,5.579035
2013-09-10,5.699944
2013-09-11,5.753331
2013-09-12,5.714860
2013-09-13,5.744694
2013-09-16,5.849902
2013-09-17,5.919775
2013-09-18,6.128617
2013-09-19,6.107419
2013-09-20,5.966096
2013-09-23,5.887586
2013-09-24,5.849114
2013-09-25,5.795465
2013-09-26,5.860662
2013-09-27,5.782111
2013-09-30,5.679995
2013-10-01,5.823742
2013-10-02,5.800177
2013-10-03,5.647790
2013-10-04,5.768758
2013-10-07,5.625009
2013-10-08,5.423135
2013-10-09,5.427063
2013-10-10,5.779754
2013-10-11,5.896795
2013-10-14,5.973775
2013-10-15,5.836312
2013-10-16,6.081388
2013-10-17,6.205499
2013-10-18,6.315469
2013-10-21,6.331179
2013-10-22,6.434865
2013-10-23,6.350032
2013-10-24,6.408159
2013-10-25,6.491423
2013-10-28,6.518915
2013-10-29,6.636740
2013-10-30,6.529912
2013-10-31,6.461574
2013-11-01,6.514203
2013-11-04,6.586470
2013-11-05,6.523629
2013-11-06,6.616318
2013-11-07,6.366528
2013-11-08,6.621032
2013-11-11,6.621817
2013-11-12,6.594324
2013-11-13,6.739643
2013-11-14,6.848042
2013-11-15,6.937592
2013-11-18,6.873964
2013-11-19,6.822121
2013-11-20,6.761636
2013-11-21,6.916381
2013-11-22,7.014570
2013-11-25,7.011427
2013-11-26,7.000430
2013-11-27,7.050703
2013-11-29,7.034993
2013-12-02,6.984722
2013-12-03,6.905384
2013-12-04,6.882606
2013-12-05,6.804842
2013-12-06,7.021639
2013-12-09,7.074268
2013-12-10,7.005930
2013-12-11,6.761636
2013-12-12,6.703509
2013-12-13,6.687015
2013-12-16,6.814267
2013-12-17,6.746713
2013-12-18,7.097050
2013-12-19,7.080553
2013-12-20,7.198379
2013-12-23,7.307565
2013-12-24,7.362549
2013-12-26,7.473306
2013-12-27,7.468593
2013-12-30,7.461523
2013-12-31,7.565210
2014-01-02,7.349196
2014-01-03,7.336628
2014-01-06,7.287925
2014-01-07,7.414393
2014-01-08,7.422248
2014-01-09,7.427746
2014-01-10,7.491373
2014-01-13,7.199951
2014-01-14,7.424603
2014-01-15,7.547929
2014-01-16,7.516509
2014-01-17,7.419106
2014-01-21,7.484303
2014-01-22,7.500800
2014-01-23,7.320919
2014-01-24,6.840973
2014-01-27,6.743572
2014-01-28,6.862182
2014-01-29,6.657165
2014-01-30,6.882606
2014-01-31,6.754567
2014-02-03,6.297402
2014-02-04,6.424655
2014-02-05,6.402662
2014-02-06,6.650094
2014-02-07,6.912455
2014-02-10,6.943875
2014-02-11,7.167745
2014-02-12,7.187382
2014-02-13,7.296567
2014-02-14,7.407323
2014-02-18,7.440313
2014-02-19,7.287141
2014-02-20,7.408108
2014-02-21,7.397898
2014-02-24,7.507869
2014-02-25,7.503155
2014-02-26,7.503940
2014-02-27,7.628049
2014-02-28,7.676753
2014-03-03,7.517294
2014-03-04,7.836209
2014-03-05,7.841711
2014-03-06,7.913976
2014-03-07,7.913190
2014-03-10,7.906905
2014-03-11,7.789078
2014-03-12,7.794578
2014-03-13,7.535360
2014-03-14,7.466236
2014-03-17,7.662612
2014-03-18,7.833070
2014-03-19,7.716029
2014-03-20,7.837778
2014-03-21,7.750589
2014-03-24,7.650047
2014-03-25,7.763156
2014-03-26,7.589561
2014-03-27,7.544786
2014-03-28,7.650830
2014-03-31,7.841711
2014-04-01,7.998810
2014-04-02,8.081289
2014-04-03,8.042009
2014-04-04,7.762372
2014-04-07,7.496084
2014-04-08,7.595845
2014-04-09,7.840137
2014-04-10,7.342912
2014-04-11,7.143394
2014-04-14,7.309922
2014-04-15,7.460739
2014-04-16,7.695604
2014-04-17,7.725454
2014-04-21,7.813431
2014-04-22,7.910835
2014-04-23,7.862129
2014-04-24,7.909263
2014-04-25,7.711314
2014-04-28,7.783581
2014-04-29,7.892765
2014-04-30,7.971318
2014-05-01,7.967389
2014-05-02,7.935183
2014-05-05,7.976813
2014-05-06,7.768656
2014-05-07,7.906120
2014-05-08,7.879414
2014-05-09,7.917118
2014-05-12,8.140201
2014-05-13,8.163768
2014-05-14,8.046725
2014-05-15,7.826784
2014-05-16,7.917118
2014-05-19,8.003521
2014-05-20,7.847991
2014-05-21,8.043582
2014-05-22,8.107995
2014-05-23,8.203036
2014-05-27,8.357784
2014-05-28,8.334224
2014-05-29,8.463829
2014-05-30,8.499180
2014-06-02,8.536883
2014-06-03,8.523530
2014-06-04,8.565160
2014-06-05,8.742684
2014-06-06,8.866797
2014-06-09,8.891144
2014-06-10,8.897429
2014-06-11,8.807879
2014-06-12,8.615433
2014-06-13,8.693984
2014-06-16,8.708905
2014-06-17,8.778816
2014-06-18,8.979120
2014-06-19,9.008971
2014-06-20,9.063955
2014-06-23,9.052958
2014-06-24,8.888790
2014-06-25,9.005510
2014-06-26,8.992151
2014-06-27,9.042457
2014-06-30,9.028307
2014-07-01,9.204376
2014-07-02,9.228747
2014-07-03,9.367871
2014-07-07,9.275119
2014-07-08,9.098263
2014-07-09,9.212239
2014-07-10,9.101409
2014-07-11,9.144639
2014-07-14,9.272766
2014-07-15,9.224813
2014-07-16,9.325426
2014-07-17,9.005510
2014-07-18,9.279840
2014-07-21,9.223245
2014-07-22,9.347437
2014-07-23,9.410316
2014-07-24,9.412678
2014-07-25,9.283765
2014-07-28,9.289268
2014-07-29,9.171364
2014-07-30,9.171364
2014-07-31,8.627435
2014-08-01,8.544115
2014-08-04,8.728044
2014-08-05,8.469444
2014-08-06,8.478086
2014-08-07,8.338963
2014-08-08,8.629794
2014-08-11,8.712325
2014-08-12,8.670667
2014-08-13,8.858528
2014-08-14,8.970141
2014-08-15,8.966211
2014-08-18,9.187086
2014-08-19,9.331717
2014-08-20,9.410316
2014-08-21,9.493637
2014-08-22,9.444114
2014-08-25,9.585600
2014-08-26,9.611540
2014-08-27,9.601321
2014-08-28,9.580886
2014-08-29,9.658702
2014-09-02,9.639053
2014-09-03,9.633548
2014-09-04,9.579314
2014-09-05,9.715298
2014-09-08,9.640625
2014-09-09,9.459048
2014-09-10,9.565951
2014-09-11,9.587172
2014-09-12,9.424465
2014-09-15,9.401670
2014-09-16,9.615469
2014-09-17,9.650843
2014-09-18,9.801760
2014-09-19,9.786040
2014-09-22,9.547087
2014-09-23,9.385164
2014-09-24,9.607825
2014-09-25,9.141429
2014-09-26,9.364795
2014-09-29,9.306597
2014-09-30,9.230306
2014-10-01,8.859076
2014-10-02,8.853573
2014-10-03,9.146935
2014-10-06,9.113115
2014-10-07,8.697060
2014-10-08,9.154013
2014-10-09,8.598749
2014-10-10,8.306172
2014-10-13,7.896408
2014-10-14,7.937304
2014-10-15,7.743830
2014-10-16,7.739109
2014-10-17,8.030112
2014-10-20,8.257410
2014-10-21,8.745037
2014-10-22,8.562569
2014-10-23,8.863010
2014-10-24,9.050196
2014-10-27,9.018737
2014-10-28,9.319179
2014-10-29,9.294798
2014-10-30,9.474903
2014-10-31,9.787143
2014-11-03,9.802872
2014-11-04,9.708492
2014-11-05,9.884669
2014-11-06,10.008931
2014-11-07,10.035673
2014-11-10,10.119827
2014-11-11,10.149717
2014-11-12,10.120616
2014-11-13,10.150502
2014-11-14,10.161514
2014-11-17,10.181175
2014-11-18,10.354992
2014-11-19,10.302298
2014-11-20,10.355773
2014-11-21,10.530378
2014-11-24,10.612176
2014-11-25,10.602740
2014-11-26,10.673519
2014-11-28,10.603523
2014-12-01,10.387238
2014-12-02,10.572066
2014-12-03,10.707343
2014-12-04,10.665657
2014-12-05,10.712850
2014-12-08,10.504424
2014-12-09,10.472968
2014-12-10,9.977476
2014-12-11,10.115109
2014-12-12,9.634563
2014-12-15,9.419064
2014-12-16,9.209068
2014-12-17,9.766694
2014-12-18,10.462741
2014-12-19,10.598017
2014-12-22,10.739024
2014-12-23,10.798077
2014-12-24,10.797286
2014-12-26,10.893344
2014-12-29,10.932708
2014-12-30,10.765010
2014-12-31,10.440633
2015-01-02,10.412288
2015-01-05,9.851717
2015-01-06,9.584819
2015-01-07,9.938323
2015-01-08,10.462679
2015-01-09,10.206013
2015-01-12,9.959582
2015-01-13,9.877702
2015-01-14,9.704494
2015-01-15,9.439164
2015-01-16,9.791091
2015-01-20,9.869040
2015-01-21,10.013910
2015-01-22,10.465828
2015-01-23,10.283170
2015-01-26,10.368987
2015-01-27,9.955642
2015-01-28,9.550175
2015-01-29,9.833611
2015-01-30,9.451759
2015-02-02,9.797395
2015-02-03,10.225698
2015-02-04,10.109962
2015-02-05,10.424885
2015-02-06,10.332771
2015-02-09,10.191841
2015-02-10,10.520151
2015-02-11,10.537471
2015-02-12,10.838229
2015-02-13,10.978374
2015-02-17,11.035059
2015-02-18,11.024037
2015-02-19,11.002777
2015-02-20,11.202757
2015-02-23,11.194884
2015-02-24,11.289365
2015-02-25,11.252359
2015-02-26,11.215355
2015-02-27,11.104344
2015-03-02,11.312196
2015-03-03,11.172051
2015-03-04,11.024823
2015-03-05,11.063403
2015-03-06,10.588650
2015-03-09,10.728004
2015-03-10,10.203651
2015-03-11,10.128851
2015-03-12,10.515428
2015-03-13,10.321749
2015-03-16,10.742964
2015-03-17,10.639825
2015-03-18,11.013801
2015-03-19,10.866572
2015-03-20,11.153943
2015-03-23,11.094107
2015-03-24,10.898853
2015-03-25,10.419075
2015-03-26,10.350513
2015-03-27,10.413559
2015-03-30,10.798137
2015-03-31,10.517584
2015-04-01,10.407254
2015-04-02,10.501037
2015-04-06,10.724848
2015-04-07,10.635008
2015-04-08,10.747701
2015-04-09,10.893492
2015-04-10,11.063718
2015-04-13,10.919498
2015-04-14,10.977815
2015-04-15,11.122824
2015-04-16,11.112579
2015-04-17,10.728789
2015-04-20,11.020373
2015-04-21,10.983335
2015-04-22,11.143313
2015-04-23,11.227636
2015-04-24,11.308016
2015-04-27,11.159076
2015-04-28,11.261524
2015-04-29,11.124396
2015-04-30,10.790256
2015-05-01,11.135432
2015-05-04,11.243396
2015-05-05,10.843056
2015-05-06,10.713024
2015-05-07,10.843056
2015-05-08,11.264677
2015-05-11,11.109425
2015-05-12,11.003036
2015-05-13,11.015644
2015-05-14,11.360819
2015-05-15,11.394707
2015-05-18,11.500306
2015-05-19,11.484549
2015-05-20,11.463267
2015-05-21,11.560990
2015-05-22,11.480609
2015-05-26,11.116517
2015-05-27,11.414407
2015-05-28,11.384461
2015-05-29,11.160649
2015-06-01,11.233152
2015-06-02,11.201628
2015-06-03,11.288320
2015-06-04,11.026677
2015-06-05,10.955751
2015-06-08,10.750853
2015-06-09,10.733515
2015-06-10,11.129128
2015-06-11,11.230000
2015-06-12,10.965206
2015-06-15,10.820205
2015-06-16,11.010916
2015-06-17,11.064501
2015-06-18,11.390767
2015-06-19,11.193748
2015-06-22,11.422287
2015-06-23,11.447508
2015-06-24,11.196061
2015-06-25,11.085710
2015-06-26,11.087284
2015-06-29,10.395218
2015-06-30,10.467733
2015-07-01,10.701049
2015-07-02,10.667946
2015-07-06,10.581240
2015-07-07,10.770416
2015-07-08,10.237570
2015-07-09,10.288015
2015-07-10,10.678982
2015-07-13,11.027377
2015-07-14,11.181873
2015-07-15,11.161379
2015-07-16,11.415191
2015-07-17,11.451448
2015-07-20,11.475095
2015-07-21,11.330063
2015-07-22,11.262273
2015-07-23,11.076250
2015-07-24,10.740461
2015-07-27,10.548135
2015-07-28,10.932791
2015-07-29,11.158224
2015-07-30,11.159800
2015-07-31,11.114086
2015-08-03,10.992698
2015-08-04,10.932791
2015-08-05,11.039994
2015-08-06,10.798792
2015-08-07,10.705780
2015-08-10,11.106203
2015-08-11,10.808249
2015-08-12,10.838203
2015-08-13,10.806676
2015-08-14,10.920178
2015-08-17,11.104624
2015-08-18,11.008462
2015-08-19,10.753072
2015-08-20,10.073616
2015-08-21,9.129315
2015-08-24,8.077809
2015-08-25,7.699458
2015-08-26,8.607503
2015-08-27,9.250699
2015-08-28,9.252281
2015-08-31,9.017385
2015-09-01,8.216540
2015-09-02,8.673715
2015-09-03,8.687905
2015-09-04,8.301668
2015-09-08,8.927525
2015-09-09,8.564941
2015-09-10,8.703670
2015-09-11,8.826632
2015-09-14,8.717854
2015-09-15,9.061524
2015-09-16,9.282229
2015-09-17,9.234940
2015-09-18,8.773032
2015-09-21,8.908609
2015-09-22,8.566516
2015-09-23,8.511339
2015-09-24,8.437247
2015-09-25,8.415177
2015-09-28,7.778284
2015-09-29,7.795624
2015-09-30,8.238610
2015-10-01,8.304823
2015-10-02,8.651646
2015-10-05,9.127738
2015-10-06,9.033151
2015-10-07,9.266465
2015-10-08,9.506089
2015-10-09,9.523427
2015-10-12,9.564420
2015-10-13,9.373666
2015-10-14,9.230207
2015-10-15,9.651122
2015-10-16,9.781972
2015-10-19,9.802464
2015-10-20,9.759901
2015-10-21,9.589641
2015-10-22,10.064159
2015-10-23,10.398370
2015-10-26,10.332157
2015-10-27,10.256487
2015-10-28,10.611190
2015-10-29,10.609616
2015-10-30,10.445664
2015-11-02,10.819286
2015-11-03,10.912300
2015-11-04,10.833473
2015-11-05,10.789334
2015-11-06,10.767262
2015-11-09,10.470884
2015-11-10,10.526061
2015-11-11,10.412557
2015-11-12,9.982183
2015-11-13,9.644820
2015-11-16,10.081497
2015-11-17,10.046818
2015-11-18,10.529221
2015-11-19,10.513453
2015-11-20,10.628536
2015-11-23,10.582813
2015-11-24,10.633264
2015-11-25,10.620647
2015-11-27,10.650602
2015-11-30,10.530793
2015-12-01,10.828742
2015-12-02,10.485075
2015-12-03,10.048392
2015-12-04,10.636413
2015-12-07,10.442510
2015-12-08,10.231261
2015-12-09,9.997944
2015-12-10,10.056276
2015-12-11,9.466681
2015-12-14,9.630633
2015-12-15,9.927005
2015-12-16,10.360533
2015-12-17,9.900208
2015-12-18,9.338984
2015-12-21,9.594372
2015-12-22,9.852044
2015-12-23,10.212256
2015-12-24,10.141164
2015-12-28,10.095346
2015-12-29,10.412903
2015-12-30,10.196456
2015-12-31,9.893126
2016-01-04,9.466558
2016-01-05,9.518700
2016-01-06,9.156907
2016-01-07,8.496520
2016-01-08,8.213727
2016-01-11,8.227945
2016-01-12,8.439646
2016-01-13,7.802960
2016-01-14,8.183707
2016-01-15,7.648133
2016-01-19,7.692369
2016-01-20,7.400095
2016-01-21,7.507525
2016-01-22,7.981485
2016-01-25,7.626015
2016-01-26,7.929349
2016-01-27,7.670254
2016-01-28,7.790322
2016-01-29,8.371712
2016-02-01,8.346437
2016-02-02,7.899334
2016-02-03,8.032043
2016-02-04,8.066798
2016-02-05,7.605477
2016-02-08,7.292663
2016-02-09,7.291083
2016-02-10,7.283183
2016-02-11,7.019347
2016-02-12,7.430112
2016-02-16,7.798223
2016-02-17,8.185291
2016-02-18,8.084177
2016-02-19,8.082597
2016-02-22,8.422267
2016-02-23,8.115777
2016-02-24,8.223204
2016-02-25,8.512319
2016-02-26,8.461764
2016-02-29,8.231103
2016-03-01,8.842514
2016-03-02,8.964165
2016-03-03,9.055792
2016-03-04,9.152168
2016-03-07,9.171126
2016-03-08,8.866209
2016-03-09,9.003660
2016-03-10,9.019459
2016-03-11,9.460239
2016-03-14,9.425483
2016-03-15,9.382825
2016-03-16,9.551874
2016-03-17,9.728816
2016-03-18,9.842569
2016-03-21,9.878909
2016-03-22,9.869427
2016-03-23,9.675101
2016-03-24,9.651407
2016-03-28,9.675101
2016-03-29,9.949997
2016-03-30,10.068490
2016-03-31,10.000555
2016-04-01,10.186978
2016-04-04,10.093768
2016-04-05,9.798332
2016-04-06,10.103244
2016-04-07,9.750936
2016-04-08,9.828348
2016-04-11,9.752516
2016-04-12,10.033732
2016-04-13,10.327586
2016-04-14,10.335485
2016-04-15,10.288090
2016-04-18,10.514010
2016-04-19,10.613543
2016-04-20,10.638821
2016-04-21,10.471355
2016-04-22,10.477674
2016-04-25,10.416059
2016-04-26,10.472934
2016-04-27,10.528230
2016-04-28,10.250171
2016-04-29,10.081126
2016-05-02,10.305470
2016-05-03,10.040050
2016-05-04,9.863106
2016-05-05,9.871005
2016-05-06,9.967380
2016-05-09,10.005296
2016-05-10,10.367086
2016-05-11,10.082709
2016-05-12,10.081126
2016-05-13,9.814131
2016-05-16,10.104826
2016-05-17,9.829930
2016-05-18,9.842569
2016-05-19,9.738298
2016-05-20,9.915242
2016-05-23,9.866265
2016-05-24,10.256492
2016-05-25,10.461878
2016-05-26,10.472934
2016-05-27,10.600904
2016-05-31,10.550347
2016-06-01,10.608798
2016-06-02,10.711495
2016-06-03,10.618284
2016-06-06,10.774687
2016-06-07,10.814187
2016-06-08,10.921616
2016-06-09,10.880540
2016-06-10,10.567729
2016-06-13,10.332328
2016-06-14,10.275453
2016-06-15,10.220156
2016-06-16,10.313369
2016-06-17,10.196456
2016-06-20,10.392364
2016-06-21,10.479254
2016-06-22,10.421203
2016-06-23,10.834062
2016-06-24,9.657166
2016-06-27,9.135159
2016-06-28,9.630277
2016-06-29,10.134885
2016-06-30,10.528767
2016-07-01,10.603113
2016-07-05,10.387980
2016-07-06,10.561985
2016-07-07,10.539839
2016-07-08,11.006483
2016-07-11,11.125123
2016-07-12,11.368726
2016-07-13,11.370308
2016-07-14,11.545891
2016-07-15,11.511089
2016-07-18,11.604422
2016-07-19,11.563292
2016-07-20,11.711989
2016-07-21,11.575946
2016-07-22,11.732551
2016-07-25,11.643969
2016-07-26,11.648713
2016-07-27,11.620237
2016-07-28,11.658202
2016-07-29,11.700913
2016-08-01,11.672440
2016-08-02,11.447819
2016-08-03,11.550639
2016-08-04,11.591769
2016-08-05,11.874920
2016-08-08,11.851189
2016-08-09,11.863844
2016-08-10,11.778423
2016-08-11,11.947684
2016-08-12,11.912881
2016-08-15,12.023609
2016-08-16,11.825879
2016-08-17,11.889153
2016-08-18,11.972992
2016-08-19,11.917628
2016-08-22,11.914460
2016-08-23,11.982481
2016-08-24,11.813225
2016-08-25,11.764188
2016-08-26,11.708824
2016-08-29,11.876497
2016-08-30,11.813225
2016-08-31,11.713570
2016-09-01,11.723060
2016-09-02,11.873336
2016-09-06,11.987228
2016-09-07,11.984064
2016-09-08,11.893897
2016-09-09,11.046029
2016-09-12,11.506345
2016-09-13,11.008066
2016-09-14,10.992247
2016-09-15,11.326016
2016-09-16,11.197888
2016-09-19,11.194723
2016-09-20,11.208960
2016-09-21,11.581236
2016-09-22,11.790080
2016-09-23,11.606550
2016-09-26,11.320185
2016-09-27,11.533773
2016-09-28,11.699896
2016-09-29,11.383471
2016-09-30,11.650851
2016-10-03,11.540101
2016-10-04,11.380302
2016-10-05,11.530609
2016-10-06,11.549591
2016-10-07,11.424603
2016-10-10,11.597061
2016-10-11,11.174627
2016-10-12,11.215763
2016-10-13,11.101848
2016-10-14,11.112925
2016-10-17,11.005338
2016-10-18,11.193613
2016-10-19,11.286961
2016-10-20,11.225252
2016-10-21,11.231586
2016-10-24,11.373979
2016-10-25,11.277465
2016-10-26,11.206274
2016-10-27,11.111343
2016-10-28,11.003759
2016-10-31,10.995846
2016-11-01,10.774348
2016-11-02,10.568669
2016-11-03,10.427859
2016-11-04,10.378813
2016-11-07,11.062295
2016-11-08,11.212597
2016-11-09,11.593891
2016-11-10,11.665089
2016-11-11,11.587564
2016-11-14,11.609712
2016-11-15,11.880261
2016-11-16,11.820139
2016-11-17,11.992591
2016-11-18,11.913484
2016-11-21,12.180867
2016-11-22,12.252059
2016-11-23,12.274213
2016-11-25,12.415021
2016-11-28,12.239408
2016-11-29,12.309020
2016-11-30,12.210925
2016-12-01,12.070117
2016-12-02,12.092265
2016-12-05,12.296360
2016-12-06,12.432428
2016-12-07,12.907066
2016-12-08,13.005158
2016-12-09,13.237733
2016-12-12,13.201344
2016-12-13,13.452903
2016-12-14,13.145971
2016-12-15,13.280448
2016-12-16,13.223492
2016-12-19,13.296274
2016-12-20,13.437082
2016-12-21,13.337409
2016-12-22,13.274121
2016-12-23,13.313673
2016-12-27,13.414932
2016-12-28,13.095340
2016-12-29,13.073192
2016-12-30,12.938709
2017-01-03,13.218747
2017-01-04,13.454484
2017-01-05,13.413352
2017-01-06,13.565234
2017-01-09,13.437082
2017-01-10,13.414932
2017-01-11,13.524100
2017-01-12,13.435498
2017-01-13,13.519353
2017-01-17,13.394365
2017-01-18,13.463980
2017-01-19,13.323167
2017-01-20,13.460816
2017-01-23,13.356393
2017-01-24,13.611117
2017-01-25,13.941787
2017-01-26,13.910141
2017-01-27,13.861094
2017-01-30,13.611117
2017-01-31,13.603209
2017-02-01,13.611117
2017-02-02,13.630103
2017-02-03,13.903811
2017-02-06,13.845271
2017-02-07,13.835781
2017-02-08,13.891156
2017-02-09,14.128475
2017-02-10,14.294600
2017-02-13,14.512934
2017-02-14,14.699625
2017-02-15,14.919542
2017-02-16,14.891067
2017-02-17,14.949604
2017-02-21,15.207490
2017-02-22,15.180595
2017-02-23,15.218569
2017-02-24,15.269196
2017-02-27,15.337229
2017-02-28,15.223312
2017-03-01,15.837183
2017-03-02,15.568216
2017-03-03,15.582460
2017-03-06,15.446399
2017-03-07,15.308750
2017-03-08,15.209075
2017-03-09,15.262866
2017-03-10,15.413175
2017-03-13,15.436904
2017-03-14,15.278687
2017-03-15,15.641000
2017-03-16,15.579294
2017-03-17,15.476459
2017-03-20,15.432154
2017-03-21,14.845181
2017-03-22,14.935366
2017-03-23,14.884738
2017-03-24,14.854675
2017-03-27,14.800882
2017-03-28,15.109398
2017-03-29,15.179015
2017-03-30,15.297672
2017-03-31,15.190088
2017-04-03,15.131550
2017-04-04,15.156865
2017-04-05,15.003396
2017-04-06,15.126805
2017-04-07,15.082504
2017-04-10,15.106237
2017-04-11,15.052442
2017-04-12,14.862584
2017-04-13,14.579382
2017-04-17,14.948023
2017-04-18,14.805630
2017-04-19,14.729689
2017-04-20,15.073013
2017-04-21,14.946439
2017-04-24,15.421084
2017-04-25,15.691627
2017-04-26,15.669477
2017-04-27,15.707448
2017-04-28,15.610936
2017-05-01,15.709030
2017-05-02,15.735926
2017-05-03,15.685296
2017-05-04,15.715358
2017-05-05,15.913125
2017-05-08,15.903627
2017-05-09,15.860911
2017-05-10,15.933694
2017-05-11,15.846676
2017-05-12,15.767570
2017-05-15,16.001722
2017-05-16,15.966923
2017-05-17,15.126805
2017-05-18,15.283435
2017-05-19,15.580875
2017-05-22,15.830854
2017-05-23,15.930531
2017-05-24,16.020712
2017-05-25,16.246958
2017-05-26,16.254862
2017-05-30,16.215315
2017-05-31,16.188414
2017-06-01,16.566551
2017-06-02,16.726341
2017-06-05,16.704189
2017-06-06,16.553888
2017-06-07,16.628252
2017-06-08,16.648821
2017-06-09,16.579210
2017-06-12,16.557058
2017-06-13,16.795959
2017-06-14,16.737417
2017-06-15,16.631411
2017-06-16,16.631411
2017-06-19,17.052265
2017-06-20,16.726341
2017-06-21,16.691534
2017-06-22,16.672548
2017-06-23,16.743742
2017-06-26,16.757986
2017-06-27,16.368774
2017-06-28,16.780136
2017-06-29,16.356121
2017-06-30,16.433649
2017-07-03,16.514336
2017-07-05,16.621923
2017-07-06,16.178925
2017-07-07,16.476364
2017-07-10,16.522247
2017-07-11,16.484278
2017-07-12,16.856077
2017-07-13,16.935181
2017-07-14,17.159849
2017-07-17,17.161432
2017-07-18,17.188326
2017-07-19,17.466785
2017-07-20,17.479443
2017-07-21,17.444635
2017-07-24,17.427227
2017-07-25,17.531649
2017-07-26,17.545887
2017-07-27,17.504749
2017-07-28,17.422480
2017-07-31,17.398748
2017-08-01,17.501583
2017-08-02,17.522156
2017-08-03,17.439888
2017-08-04,17.514248
2017-08-07,17.607595
2017-08-08,17.498421
2017-08-09,17.471527
2017-08-10,16.745331
2017-08-11,16.808609
2017-08-14,17.302242
2017-08-15,17.299076
2017-08-16,17.376596
2017-08-17,16.572872
2017-08-18,16.479528
2017-08-21,16.530159
2017-08-22,17.017458
2017-08-23,16.848164
2017-08-24,16.732677
2017-08-25,16.843422
2017-08-28,16.846588
2017-08-29,16.894047
2017-08-30,17.145611
2017-08-31,17.435141
2017-09-01,17.530069
2017-09-05,17.132952
2017-09-06,17.306986
2017-09-07,17.294327
2017-09-08,17.221550
2017-09-11,17.764219
2017-09-12,17.958826
2017-09-13,17.992046
2017-09-14,17.966740
2017-09-15,18.045841
2017-09-18,18.142357
2017-09-19,18.185074
2017-09-20,18.213545
2017-09-21,18.058498
2017-09-22,18.067995
2017-09-25,17.955667
2017-09-26,17.987303
2017-09-27,18.181906
2017-09-28,18.251522
2017-09-29,18.427137
2017-10-02,18.661289
2017-10-03,18.795778
2017-10-04,18.855894
2017-10-05,19.180241
2017-10-06,19.131189
2017-10-09,19.036259
2017-10-10,19.164423
2017-10-11,19.254597
2017-10-12,19.172327
2017-10-13,19.222956
2017-10-16,19.306807
2017-10-17,19.347940
2017-10-18,19.403316
2017-10-19,19.420723
2017-10-20,19.699179
2017-10-23,19.484001
2017-10-24,19.575768
2017-10-25,19.303644
2017-10-26,19.343197
2017-10-27,19.835239
2017-10-30,19.615322
2017-10-31,19.686522
2017-11-01,19.787779
2017-11-02,19.800436
2017-11-03,19.979212
2017-11-06,20.059904
2017-11-07,20.042500
2017-11-08,20.140591
2017-11-09,19.909605
2017-11-10,19.882700
2017-11-13,19.934916
2017-11-14,19.809923
2017-11-15,19.502996
2017-11-16,19.969723
2017-11-17,19.821003
2017-11-20,19.904858
2017-11-21,20.290895
2017-11-22,20.230772
2017-11-24,20.360508
2017-11-27,20.347849
2017-11-28,20.950645
2017-11-29,20.912676
2017-11-30,21.433201
2017-12-01,21.316120
2017-12-04,21.233849
2017-12-05,21.010765
2017-12-06,21.010765
2017-12-07,21.208534
2017-12-08,21.548697
2017-12-11,21.755955
2017-12-12,21.861959
2017-12-13,21.849298
2017-12-14,21.581919
2017-12-15,22.107187
2017-12-18,22.529617
2017-12-19,22.271727
2017-12-20,22.232176
2017-12-21,22.347679
2017-12-22,22.327106
2017-12-26,22.240088
2017-12-27,22.287546
2017-12-28,22.390388
2017-12-29,22.173637
2018-01-02,22.627714
2018-01-03,23.040655
2018-01-04,23.331760
2018-01-05,23.787413
2018-01-08,23.906075
2018-01-09,24.075367
2018-01-10,23.963032
2018-01-11,24.458242
2018-01-12,24.940794
2018-01-16,24.681328
2018-01-17,25.390118
2018-01-18,25.274622
2018-01-19,25.584726
2018-01-22,26.212828
2018-01-23,26.396360
2018-01-24,26.347311
2018-01-25,26.382118
2018-01-26,27.282356
2018-01-29,26.723858
2018-01-30,25.893238
2018-01-31,26.212828
2018-02-01,25.845774
2018-02-02,24.175037
2018-02-05,21.202200
2018-02-06,22.426777
2018-02-07,22.002764
2018-02-08,19.552034
2018-02-09,20.458599
2018-02-12,21.260746
2018-02-13,21.447435
2018-02-14,22.328691
2018-02-15,23.145071
2018-02-16,23.162472
2018-02-20,22.754280
2018-02-21,22.390388
2018-02-22,22.482153
2018-02-23,23.553259
2018-02-26,24.371222
2018-02-27,23.429855
2018-02-28,22.665680
2018-03-01,21.743298
2018-03-02,22.078705
2018-03-05,22.823895
2018-03-06,23.004263
2018-03-07,22.978947
2018-03-08,23.285879
2018-03-09,24.497793
2018-03-12,24.410778
2018-03-13,23.940882
2018-03-14,23.558010
2018-03-15,23.474152
2018-03-16,23.554846
2018-03-19,22.594488
2018-03-20,22.695742
2018-03-21,22.578909
2018-03-22,21.079657
2018-03-23,19.518671
2018-03-26,21.135073
2018-03-27,20.025278
2018-03-28,19.857471
2018-03-29,20.696539
2018-04-02,19.276447
2018-04-03,20.006281
2018-04-04,20.701292
2018-04-05,21.122410
2018-04-06,19.732401
2018-04-09,19.968290
2018-04-10,20.921350
2018-04-11,20.611046
2018-04-12,21.100245
2018-04-13,20.916599
2018-04-16,21.420046
2018-04-17,22.115040
2018-04-18,22.160954
2018-04-19,21.773081
2018-04-20,21.225311
2018-04-23,21.215807
2018-04-24,20.365660
2018-04-25,20.503391
2018-04-26,21.128738
2018-04-27,21.163568
2018-04-30,20.668043
2018-05-01,20.782030
2018-05-02,20.343493
2018-05-03,20.205765
2018-05-04,20.994169
2018-05-07,21.199976
2018-05-08,21.206314
2018-05-09,21.826908
2018-05-10,22.425339
2018-05-11,22.551994
2018-05-14,22.648563
2018-05-15,22.164124
2018-05-16,22.445921
2018-05-17,22.392099
2018-05-18,22.217945
2018-05-21,22.715059
2018-05-22,22.521908
2018-05-23,22.696054
2018-05-24,22.569405
2018-05-25,22.379427
2018-05-29,21.643267
2018-05-30,22.469669
2018-05-31,22.004223
2018-06-01,22.697645
2018-06-04,23.020601
2018-06-05,23.087097
2018-06-06,23.666534
2018-06-07,23.633286
2018-06-08,23.818516
2018-06-11,23.918255
2018-06-12,24.022741
2018-06-13,23.747272
2018-06-14,23.946747
2018-06-15,23.847008
2018-06-18,23.676029
2018-06-19,23.414808
2018-06-20,23.508942
2018-06-21,23.081074
2018-06-22,23.190416
2018-06-25,22.268124
2018-06-26,22.386972
2018-06-27,21.825993
2018-06-28,22.215828
2018-06-29,22.287144
2018-07-02,22.410748
2018-07-03,22.154022
2018-07-05,22.710257
2018-07-06,23.256973
2018-07-09,23.898777
2018-07-10,24.150745
2018-07-11,23.642054
2018-07-12,24.245827
2018-07-13,24.293360
2018-07-16,24.241068
2018-07-17,24.545336
2018-07-18,24.683191
2018-07-19,24.397953
2018-07-20,24.312380
2018-07-23,24.455000
2018-07-24,24.787785
2018-07-25,25.462870
2018-07-26,25.220411
2018-07-27,24.730742
2018-07-30,24.317135
2018-07-31,24.678442
2018-08-01,24.578609
2018-08-02,24.939920
2018-08-03,25.277458
2018-08-06,25.553194
2018-08-07,25.781391
2018-08-08,25.724339
2018-08-09,25.624502
2018-08-10,25.106312
2018-08-13,24.840084
2018-08-14,25.305979
2018-08-15,24.749758
2018-08-16,25.310736
2018-08-17,25.557951
2018-08-20,25.752867
2018-08-21,25.895491
2018-08-22,25.881231
2018-08-23,25.733850
2018-08-24,26.199749
2018-08-27,26.808271
2018-08-28,26.846306
2018-08-29,27.283682
2018-08-30,26.931883
2018-08-31,26.922375
2018-09-04,26.803522
2018-09-05,26.584835
2018-09-06,26.328115
2018-09-07,26.156971
2018-09-10,26.304344
2018-09-11,26.580076
2018-09-12,26.584835
2018-09-13,27.022209
2018-09-14,27.050734
2018-09-17,26.599094
2018-09-18,27.026964
2018-09-19,27.117289
2018-09-20,27.749582
2018-09-21,27.673517
2018-09-24,27.416794
2018-09-25,27.307457
2018-09-26,27.054369
2018-09-27,27.273203
2018-09-28,27.244658
2018-10-01,27.553879
2018-10-02,27.525337
2018-10-03,27.563391
2018-10-04,26.902138
2018-10-05,26.473991
2018-10-08,26.431170
2018-10-09,26.326511
2018-10-10,23.790911
2018-10-11,22.249569
2018-10-12,23.148685
2018-10-15,22.758589
2018-10-16,24.185762
2018-10-17,24.238087
2018-10-18,23.196253
2018-10-19,23.129654
2018-10-22,22.839464
2018-10-23,22.449368
2018-10-24,20.394243
2018-10-25,21.526466
2018-10-26,20.356186
2018-10-29,20.004150
2018-10-30,20.931812
2018-10-31,21.583553
2018-11-01,22.259079
2018-11-02,21.821415
2018-11-05,22.221022
2018-11-06,22.620630
2018-11-07,24.057314
2018-11-08,23.914597
2018-11-09,23.253344
2018-11-12,21.902292
2018-11-13,21.792871
2018-11-14,21.317152
2018-11-15,21.997433
2018-11-16,22.154427
2018-11-19,21.069773
2018-11-20,19.870947
2018-11-21,20.061241
2018-11-23,19.656876
2018-11-26,20.584538
2018-11-27,20.784336
2018-11-28,22.206749
2018-11-29,22.064034
2018-11-30,22.506453
2018-12-03,23.343733
2018-12-04,21.126860
2018-12-06,20.993660
2018-12-07,19.523674
2018-12-10,19.614059
2018-12-11,19.609301
2018-12-12,19.918524
2018-12-13,19.894733
2018-12-14,18.781546
2018-12-17,17.644569
2018-12-18,17.611267
2018-12-19,16.802536
2018-12-20,15.979537
2018-12-21,14.975762
2018-12-24,13.795968
2018-12-26,15.826982
2018-12-27,16.247120
2018-12-28,16.170725
2018-12-31,16.605194
2019-01-02,16.638618
2019-01-03,15.397286
2019-01-04,16.963272
2019-01-07,17.350000
2019-01-08,17.832209
2019-01-09,18.080473
2019-01-10,18.300095
2019-01-11,18.285765
2019-01-14,17.975433
2019-01-15,18.581774
2019-01-16,18.691589
2019-01-17,19.121281
2019-01-18,19.870853
2019-01-22,19.078310
2019-01-23,19.169029
2019-01-24,19.221539
2019-01-25,19.689430
2019-01-28,19.254965
2019-01-29,19.169029
2019-01-30,20.071373
2019-01-31,20.572681
2019-02-01,20.601330
2019-02-04,21.040569
2019-02-05,21.312704
2019-02-06,21.207670
2019-02-07,20.596560
2019-02-08,20.672941
2019-02-11,20.706364
2019-02-12,21.498911
2019-02-13,21.689880
2019-02-14,21.541876
2019-02-15,22.234163
2019-02-19,22.343969
2019-02-20,22.477650
2019-02-21,22.229389
2019-02-22,22.649529
2019-02-25,22.745010
2019-02-26,22.673399
2019-02-27,22.635204
2019-02-28,22.482433
2019-03-01,22.931213
2019-03-04,22.659077
2019-03-05,22.563589
2019-03-06,22.148218
2019-03-07,21.594393
2019-03-08,21.460718
2019-03-11,22.396484
2019-03-12,22.625652
2019-03-13,23.074448
2019-03-14,23.026697
2019-03-15,23.360905
2019-03-18,23.623491
2019-03-19,23.637817
2019-03-20,23.390995
2019-03-21,24.161119
2019-03-22,22.783493
2019-03-25,22.726095
2019-03-26,23.204437
2019-03-27,22.879168
2019-03-28,23.123116
2019-03-29,23.572765
2019-04-01,24.395512
2019-04-02,24.390730
2019-04-03,24.534231
2019-04-04,24.692089
2019-04-05,25.012575
2019-04-08,25.108246
2019-04-09,24.706440
2019-04-10,24.959961
2019-04-11,24.931253
2019-04-12,25.433517
2019-04-15,25.366550
2019-04-16,25.438301
2019-04-17,25.218264
2019-04-18,25.352196
2019-04-22,25.433517
2019-04-23,26.084066
2019-04-24,25.930998
2019-04-25,25.849678
2019-04-26,26.222784
2019-04-29,26.313671
2019-04-30,26.356722
2019-05-01,25.763578
2019-05-02,25.605724
2019-05-03,26.328024
2019-05-06,26.017096
2019-05-07,24.716003
2019-05-08,24.601204
2019-05-09,24.352461
2019-05-10,24.696871
2019-05-13,22.869598
2019-05-14,23.443609
2019-05-15,23.850201
2019-05-16,24.495966
2019-05-17,24.036758
2019-05-20,23.572765
2019-05-21,24.180262
2019-05-22,23.974573
2019-05-23,23.113552
2019-05-24,23.204437
2019-05-28,22.582594
2019-05-29,22.132950
2019-05-30,22.290802
2019-05-31,21.377169
2019-06-03,21.204960
2019-06-04,22.582594
2019-06-05,23.151823
2019-06-06,23.591896
2019-06-07,24.304630
2019-06-10,24.639465
2019-06-11,24.620333
2019-06-12,24.486399
2019-06-13,24.806892
2019-06-14,24.682516
2019-06-17,24.725571
2019-06-18,25.457432
2019-06-19,25.667910
2019-06-20,26.380638
2019-06-21,26.280186
2019-06-24,26.174950
2019-06-25,25.412670
2019-06-26,25.302471
2019-06-27,25.585154
2019-06-28,25.944494
2019-07-01,26.620054
2019-07-02,26.873989
2019-07-03,27.468107
2019-07-05,27.348322
2019-07-08,26.941072
2019-07-09,27.032099
2019-07-10,27.415401
2019-07-11,27.583097
2019-07-12,27.971180
2019-07-15,27.975969
2019-07-16,27.698088
2019-07-17,27.147091
2019-07-18,27.424984
2019-07-19,26.955439
2019-07-22,27.151884
2019-07-23,27.707666
2019-07-24,28.090963
2019-07-25,27.674128
2019-07-26,28.239489
2019-07-29,28.095751
2019-07-30,27.894524
2019-07-31,26.931480
2019-08-01,26.251137
2019-08-02,25.680977
2019-08-05,23.395555
2019-08-06,24.291521
2019-08-07,24.344223
2019-08-08,25.743263
2019-08-09,25.216225
2019-08-12,24.286730
2019-08-13,25.407879
2019-08-14,23.179956
2019-08-15,23.352440
2019-08-16,24.372969
2019-08-19,25.249765
2019-08-20,24.660444
2019-08-21,25.259348
2019-08-22,25.225815
2019-08-23,23.266195
2019-08-26,24.028008
2019-08-27,23.764481
2019-08-28,24.257978
2019-08-29,25.173109
2019-08-30,25.149151
2019-09-03,24.703566
2019-09-04,25.513279
2019-09-05,26.505066
2019-09-06,26.572144
2019-09-09,26.591311
2019-09-10,26.591311
2019-09-11,27.156672
2019-09-12,27.386648
2019-09-13,27.324362
2019-09-16,27.089596
2019-09-17,27.300411
2019-09-18,27.343529
2019-09-19,27.300411
2019-09-20,26.893158
2019-09-23,26.917114
2019-09-24,26.255920
2019-09-25,26.715879
2019-09-26,26.552977
2019-09-27,26.102602
2019-09-30,26.481110
2019-10-01,25.532450
2019-10-02,24.171740
2019-10-03,24.746689
2019-10-04,25.738470
2019-10-07,25.412670
2019-10-08,24.229237
2019-10-09,24.885633
2019-10-10,25.388712
2019-10-11,26.155308
2019-10-14,26.097816
2019-10-15,26.878778
2019-10-16,26.744627
2019-10-17,26.955439
2019-10-18,26.591311
2019-10-21,27.161459
2019-10-22,26.869204
2019-10-23,27.099178
2019-10-24,27.214163
2019-10-25,27.568718
2019-10-28,28.028679
2019-10-29,27.975969
2019-10-30,28.249075
2019-10-31,27.990347
2019-11-01,28.766523
2019-11-04,29.111492
2019-11-05,29.006088
2019-11-06,29.039625
2019-11-07,29.336685
2019-11-08,29.518745
2019-11-11,29.379805
2019-11-12,29.523540
2019-11-13,29.561867
2019-11-14,29.681648
2019-11-15,30.328470
2019-11-18,30.381170
2019-11-19,30.338047
2019-11-20,30.012245
2019-11-21,29.863722
2019-11-22,30.036201
2019-11-25,30.726139
2019-11-26,30.917784
2019-11-27,31.320257
2019-11-29,30.994448
2019-12-02,30.199100
2019-12-03,29.581036
2019-12-04,30.108072
2019-12-05,30.285343
2019-12-06,31.085480
2019-12-09,30.807585
2019-12-10,30.687807
2019-12-11,30.946529
2019-12-12,31.741873
2019-12-13,31.794573
2019-12-16,32.460567
2019-12-17,32.465351
2019-12-18,32.460567
2019-12-19,32.848652
2019-12-20,33.346943
2019-12-23,33.442764
2019-12-24,33.433647
2019-12-26,33.923061
2019-12-27,33.908653
2019-12-30,33.347275
2019-12-31,33.591988
2020-01-02,34.498837
2020-01-03,33.750324
2020-01-06,34.100590
2020-01-07,33.803101
2020-01-08,34.326103
2020-01-09,35.026638
2020-01-10,34.729160
2020-01-13,35.429680
2020-01-14,35.261749
2020-01-15,35.506447
2020-01-16,36.370125
2020-01-17,36.710785
2020-01-21,36.504467
2020-01-22,36.523670
2020-01-23,36.600437
2020-01-24,35.616817
2020-01-27,33.913471
2020-01-28,34.964260
2020-01-29,34.873093
2020-01-30,35.175385
2020-01-31,33.284908
2020-02-03,34.014225
2020-02-04,35.564037
2020-02-05,36.768375
2020-02-06,37.147427
2020-02-07,36.576450
2020-02-10,37.377739
2020-02-11,37.569664
2020-02-12,38.274994
2020-02-13,38.131054
2020-02-14,38.318180
2020-02-18,38.015900
2020-02-19,38.558098
2020-02-20,38.054279
2020-02-21,36.883530
2020-02-24,33.193733
2020-02-25,30.185287
2020-02-26,29.854210
2020-02-27,25.790165
2020-02-28,25.617428
2020-03-02,28.721848
2020-03-03,26.279577
2020-03-04,29.585512
2020-03-05,26.615446
2020-03-06,25.286354
2020-03-09,19.379808
2020-03-10,22.441038
2020-03-11,19.135103
2020-03-12,13.583617
2020-03-13,17.354979
2020-03-16,11.290092
2020-03-17,13.396493
2020-03-18,11.342872
2020-03-19,11.270901
2020-03-20,9.740281
2020-03-23,8.938989
2020-03-24,11.438836
2020-03-25,11.884692
2020-03-26,13.957661
2020-03-27,12.697527
2020-03-30,13.938419
2020-03-31,13.289115
2020-04-01,11.514348
2020-04-02,12.303133
2020-04-03,11.774070
2020-04-06,14.154855
2020-04-07,14.154855
2020-04-08,15.592946
2020-04-09,16.299971
2020-04-13,15.823814
2020-04-14,17.261904
2020-04-15,16.150869
2020-04-16,16.386541
2020-04-17,17.723631
2020-04-20,16.771318
2020-04-21,15.222606
2020-04-22,16.251873
2020-04-23,16.232637
2020-04-24,16.920416
2020-04-27,17.665915
2020-04-28,17.406195
2020-04-29,18.752903
2020-04-30,18.228643
2020-05-01,16.766510
2020-05-04,16.944466
2020-05-05,17.396572
2020-05-06,17.050280
2020-05-07,17.656294
2020-05-08,18.522036
2020-05-11,18.550890
2020-05-12,17.411005
2020-05-13,16.511593
2020-05-14,17.112803
2020-05-15,17.314806
2020-05-18,18.916433
2020-05-19,18.334461
2020-05-20,19.257914
2020-05-21,18.839474
2020-05-22,18.940477
2020-05-26,19.666739
2020-05-27,20.527672
2020-05-28,20.426666
2020-05-29,20.667147
2020-06-01,20.941301
2020-06-02,21.470364
2020-06-03,22.336102
2020-06-04,22.119673
2020-06-05,23.822296
2020-06-08,24.716892
2020-06-09,24.178205
2020-06-10,23.759766
2020-06-11,19.609020
2020-06-12,20.325665
2020-06-15,20.898012
2020-06-16,22.095619
2020-06-17,21.807041
2020-06-18,21.835896
2020-06-19,21.451124
2020-06-22,21.908045
2020-06-23,22.187006
2020-06-24,20.508430
2020-06-25,21.133682
2020-06-26,19.623451
2020-06-29,20.498806
2020-06-30,21.335691
2020-07-01,21.730085
2020-07-02,22.076382
2020-07-06,23.105650
2020-07-07,22.374582
2020-07-08,22.894024
2020-07-09,22.504442
2020-07-10,23.197037
2020-07-13,22.591021
2020-07-14,23.456755
2020-07-15,24.110868
2020-07-16,23.870388
2020-07-17,24.077209
2020-07-20,24.654360
2020-07-21,24.803463
2020-07-22,25.241146
2020-07-23,24.327307
2020-07-24,23.875200
2020-07-27,24.370592
2020-07-28,23.923292
2020-07-29,24.793840
2020-07-30,24.529316
2020-07-31,25.111282
2020-08-03,25.621113
2020-08-04,25.909689
2020-08-05,26.400272
2020-08-06,26.938957
2020-08-07,26.991865
2020-08-10,27.232344
2020-08-11,26.583040
2020-08-12,27.660406
2020-08-13,27.540169
2020-08-14,27.520927
2020-08-17,27.790266
2020-08-18,27.948994
2020-08-19,27.626741
2020-08-20,27.876839
2020-08-21,28.165422
2020-08-24,29.026352
2020-08-25,29.319744
2020-08-26,30.214342
2020-08-27,30.401918
2020-08-28,30.998318
2020-08-31,30.647213
2020-09-01,31.522572
2020-09-02,32.883698
2020-09-03,29.473654
2020-09-04,28.781061
2020-09-08,26.414700
2020-09-09,27.939369
2020-09-10,26.491659
2020-09-11,26.525328
2020-09-14,27.583452
2020-09-15,27.997078
2020-09-16,27.674837
2020-09-17,26.953388
2020-09-18,26.010689
2020-09-21,25.149755
2020-09-22,25.895254
2020-09-23,24.096443
2020-09-24,24.293636
2020-09-25,25.447962
2020-09-28,26.741760
2020-09-29,26.304081
2020-09-30,26.890858
2020-10-01,27.391068
2020-10-02,26.635950
2020-10-05,28.021133
2020-10-06,26.847570
2020-10-07,28.242373
2020-10-08,28.968637
2020-10-09,29.757420
2020-10-12,31.190702
2020-10-13,30.594307
2020-10-14,30.041193
2020-10-15,29.896904
2020-10-16,29.834377
2020-10-19,28.482861
2020-10-20,28.800299
2020-10-21,28.646391
2020-10-22,29.146599
2020-10-23,29.406317
2020-10-26,27.795080
2020-10-27,27.506496
2020-10-28,24.683224
2020-10-29,25.419100
2020-10-30,24.611080
2020-11-02,25.457581
2020-11-03,26.789862
2020-11-04,28.574244
2020-11-05,30.248009
2020-11-06,30.257631
2020-11-09,31.397516
2020-11-10,31.258043
2020-11-11,31.926577
2020-11-12,31.003122
2020-11-13,32.287304
2020-11-16,33.460873
2020-11-17,32.970287
2020-11-18,31.753437
2020-11-19,32.162254
2020-11-20,31.503340
2020-11-23,32.075684
2020-11-24,33.609962
2020-11-25,33.451244
2020-11-27,33.710968
2020-11-30,33.273285
2020-12-01,34.365078
2020-12-02,34.562290
2020-12-03,34.543037
2020-12-04,35.423210
2020-12-07,35.245255
2020-12-08,35.533836
2020-12-09,34.586330
2020-12-10,34.518993
2020-12-11,34.389133
2020-12-14,33.941845
2020-12-15,35.307777
2020-12-16,35.480930
2020-12-17,36.077335
2020-12-18,35.658890
2020-12-21,35.302975
2020-12-22,35.067303
2020-12-23,35.171711
2020-12-24,35.580677
2020-12-28,36.485237
2020-12-29,36.268711
2020-12-30,36.413059
2020-12-31,36.980804
2021-01-04,35.465206
2021-01-05,36.167671
2021-01-06,36.846081
2021-01-07,38.467545
2021-01-08,39.126717
2021-01-11,38.347271
2021-01-12,38.376125
2021-01-13,38.655197
2021-01-14,38.255852
2021-01-15,37.409027
2021-01-19,38.294338
2021-01-20,39.867680
2021-01-21,39.959103
2021-01-22,39.554947
2021-01-25,40.031265
2021-01-26,39.843620
2021-01-27,36.908646
2021-01-28,37.837242
2021-01-29,35.609558
2021-02-01,37.307987
2021-02-02,38.905396
2021-02-03,39.025669
2021-02-04,40.334396
2021-02-05,40.801113
2021-02-08,41.724907
2021-02-09,41.609432
2021-02-10,41.580551
2021-02-11,41.753769
2021-02-12,42.384060
2021-02-16,42.258968
2021-02-17,42.297470
2021-02-18,41.763401
2021-02-19,41.532444
2021-02-22,40.589401
2021-02-23,40.714504
2021-02-24,42.056900
2021-02-25,39.040115
2021-02-26,38.366505
2021-03-01,41.147530
2021-03-02,40.209293
2021-03-03,38.626316
2021-03-04,37.163647
2021-03-05,39.222946
2021-03-08,38.645580
2021-03-09,40.281467
2021-03-10,41.017624
2021-03-11,42.283028
2021-03-12,42.456242
2021-03-15,43.221264
2021-03-16,43.067299
2021-03-17,43.461838
2021-03-18,41.570938
2021-03-19,41.349609
2021-03-22,42.297470
2021-03-23,41.343998
2021-03-24,40.694237
2021-03-25,41.363251
2021-03-26,43.389545
2021-03-29,43.307735
2021-03-30,42.946747
2021-03-31,43.480980
2021-04-01,44.833458
2021-04-05,46.777924
2021-04-06,46.705723
2021-04-07,46.893433
2021-04-08,47.533569
2021-04-09,48.568378
2021-04-12,48.611691
2021-04-13,49.020794
2021-04-14,48.549129
2021-04-15,50.103733
2021-04-16,50.642792
2021-04-19,49.882332
2021-04-20,48.794579
2021-04-21,50.142235
2021-04-22,48.784958
2021-04-23,50.344383
2021-04-26,50.666855
2021-04-27,50.613922
2021-04-28,50.541718
2021-04-29,51.485085
2021-04-30,50.512840
2021-05-03,50.840130
2021-05-04,49.901581
2021-05-05,49.896774
2021-05-06,51.100029
2021-05-07,52.231083
2021-05-10,50.681309
2021-05-11,49.352901
2021-05-12,46.209988
2021-05-13,47.812725
2021-05-14,50.021908
2021-05-17,49.646500
2021-05-18,48.399921
2021-05-19,47.981182
2021-05-20,49.516544
2021-05-21,49.396217
2021-05-24,50.907509
2021-05-25,50.575417
2021-05-26,50.873817
2021-05-27,50.902706
2021-05-28,51.201103
2021-06-01,51.051891
2021-06-02,51.316620
2021-06-03,50.743874
2021-06-04,52.081886
2021-06-07,52.000069
2021-06-08,52.014511
2021-06-09,51.769039
2021-06-10,52.486195
2021-06-11,52.746098
2021-06-14,53.116695
2021-06-15,52.794224
2021-06-16,51.927879
2021-06-17,51.889362
2021-06-18,49.800518
2021-06-21,51.908623
2021-06-22,52.683517
2021-06-23,52.539124
2021-06-24,53.458420
2021-06-25,54.011921
2021-06-28,54.363266
2021-06-29,54.425846
2021-06-30,54.575047
2021-07-01,55.489529
2021-07-02,56.755360
2021-07-06,56.384750
2021-07-07,57.015263
2021-07-08,55.653160
2021-07-09,57.390675
2021-07-12,58.035625
2021-07-13,57.443615
2021-07-14,57.640949
2021-07-15,57.058575
2021-07-16,55.739803
2021-07-19,53.289970
2021-07-20,55.566532
2021-07-21,56.885303
2021-07-22,57.255905
2021-07-23,58.983795
2021-07-26,59.426594
2021-07-27,58.627625
2021-07-28,58.531368
2021-07-29,59.258137
2021-07-30,58.358093
2021-08-02,57.997120
2021-08-03,59.416965
2021-08-04,58.569862
2021-08-05,59.643162
2021-08-06,59.980083
2021-08-09,59.792374
2021-08-10,59.975281
2021-08-11,60.413261
2021-08-12,60.947510
2021-08-13,61.284420
2021-08-16,61.741665
2021-08-17,60.548031
2021-08-18,58.560242
2021-08-19,58.767212
2021-08-20,60.235180
2021-08-23,61.775360
2021-08-24,62.083389
2021-08-25,62.444366
2021-08-26,61.371059
2021-08-27,62.949741
2021-08-30,63.787212
2021-08-31,63.594677
2021-09-01,63.700565
2021-09-02,64.230003
2021-09-03,64.152985
2021-09-07,63.493610
2021-09-08,63.262589
2021-09-09,62.405865
2021-09-10,60.957142
2021-09-13,61.371059
2021-09-14,60.418083
2021-09-15,61.934185
2021-09-16,61.587650
2021-09-17,59.835701
2021-09-20,56.851616
2021-09-21,56.687969
2021-09-22,58.290714
2021-09-23,60.413261
2021-09-24,60.716492
2021-09-27,60.196678
2021-09-28,56.562832
2021-09-29,56.789043
2021-09-30,54.729061
2021-10-01,56.678349
2021-10-04,54.464348
2021-10-05,56.120029
2021-10-06,56.851616
2021-10-07,58.295532
2021-10-08,57.958611
2021-10-11,56.726475
2021-10-12,56.331806
2021-10-13,56.890110
2021-10-14,59.758686
2021-10-15,61.135216
2021-10-18,61.707970
2021-10-19,63.113388
2021-10-20,63.820889
2021-10-21,64.335884
2021-10-22,64.119293
2021-10-25,65.091537
2021-10-26,65.341812
2021-10-27,64.451408
2021-10-28,66.289978
2021-10-29,66.713547
2021-11-01,67.074509
2021-11-02,67.863838
2021-11-03,69.129677
2021-11-04,70.058601
2021-11-05,70.819054
2021-11-08,71.016396
2021-11-09,70.284813
2021-11-10,68.605064
2021-11-11,68.682068
2021-11-12,70.207794
2021-11-15,70.236694
2021-11-16,71.078957
2021-11-17,70.539894
2021-11-18,71.247421
2021-11-19,70.905693
2021-11-22,70.275185
2021-11-23,70.607277
2021-11-24,71.083748
2021-11-26,66.453621
2021-11-29,68.807213
2021-11-30,64.903816
2021-12-01,62.608009
2021-12-02,65.433250
2021-12-03,63.710182
2021-12-06,65.986771
2021-12-07,70.073044
2021-12-08,70.689110
2021-12-09,69.230759
2021-12-10,71.228157
2021-12-13,69.327003
2021-12-14,67.873474
2021-12-15,71.011574
2021-12-16,69.110428
2021-12-17,66.939735
2021-12-20,64.793137
2021-12-21,68.224838
2021-12-22,70.260742
2021-12-23,71.546860
2021-12-27,74.561058
2021-12-28,74.426247
2021-12-29,74.695885
2021-12-30,74.055504
2021-12-31,73.458427
2022-01-03,74.744034
2022-01-04,74.681427
2022-01-05,70.343071
2022-01-06,70.150482
2022-01-07,69.355995
2022-01-10,69.043007
2022-01-11,70.940140
2022-01-12,71.566093
2022-01-13,68.537430
2022-01-14,68.595222
2022-01-18,64.964668
2022-01-19,62.951981
2022-01-20,60.852615
2022-01-21,57.270214
2022-01-24,57.982849
2022-01-25,55.825699
2022-01-26,55.469391
2022-01-27,54.612301
2022-01-28,58.637691
2022-01-31,61.786736
2022-02-01,63.144581
2022-02-02,64.887627
2022-02-03,60.322952
2022-02-04,61.160774
2022-02-07,60.534824
2022-02-08,61.988968
2022-02-09,64.714294
2022-02-10,61.285973
2022-02-11,57.636158
2022-02-14,57.067974
2022-02-15,59.774040
2022-02-16,60.005165
2022-02-17,56.201271
2022-02-18,55.074551
2022-02-22,53.321869
2022-02-23,50.355797
2022-02-24,52.695919
2022-02-25,56.133873
2022-02-28,55.700504
2022-03-01,53.235195
2022-03-02,56.124233
2022-03-03,55.305683
2022-03-04,53.967098
2022-03-07,49.171299
2022-03-08,48.006058
2022-03-09,51.906250
2022-03-10,51.164738
2022-03-11,49.248337
2022-03-14,48.150505
2022-03-15,51.328442
2022-03-16,54.679722
2022-03-17,56.730927
2022-03-18,58.599171
2022-03-21,58.599171
2022-03-22,60.602230
2022-03-23,58.294533
2022-03-24,60.876846
2022-03-25,61.792206
2022-03-28,63.102631
2022-03-29,65.492226
2022-03-30,64.287804
2022-03-31,61.310440
2022-04-01,61.744034
2022-04-04,63.372417
2022-04-05,61.021374
2022-04-06,59.161736
2022-04-07,60.028919
2022-04-08,59.604961
2022-04-11,56.492710
2022-04-12,55.837502
2022-04-13,57.745316
2022-04-14,55.625511
2022-04-18,55.644783
2022-04-19,58.313816
2022-04-20,58.178917
2022-04-21,55.586975
2022-04-22,51.058308
2022-04-25,51.877323
2022-04-26,47.396832
2022-04-27,47.743710
2022-04-28,51.356991
2022-04-29,45.729900
2022-05-02,46.529636
2022-05-03,47.155945
2022-05-04,51.434097
2022-05-05,45.999691
2022-05-06,45.161404
2022-05-09,40.825443
2022-05-10,41.047066
2022-05-11,39.100704
2022-05-12,38.965797
2022-05-13,41.750458
2022-05-16,41.268681
2022-05-17,43.735352
2022-05-18,38.522564
2022-05-19,37.732468
2022-05-20,37.799919
2022-05-23,39.938988
2022-05-24,39.023621
2022-05-25,40.073883
2022-05-26,42.424934
2022-05-27,45.556458
2022-05-31,44.756718
2022-06-01,43.696808
2022-06-02,46.134586
2022-06-03,43.889523
2022-06-06,44.246037
2022-06-07,45.517918
2022-06-08,44.062958
2022-06-09,40.892899
2022-06-10,37.318138
2022-06-13,33.049633
2022-06-14,32.722027
2022-06-15,34.099899
2022-06-16,30.833475
2022-06-17,30.900923
2022-06-21,33.242336
2022-06-22,33.039993
2022-06-23,34.003536
2022-06-24,37.231415
2022-06-27,36.865273
2022-06-28,34.600945
2022-06-29,34.475677
2022-06-30,33.598854
2022-07-01,34.639481
2022-07-05,34.841831
2022-07-06,35.207973
2022-07-07,36.759281
2022-07-08,36.691837
2022-07-11,35.419949
2022-07-12,34.475677
2022-07-13,33.926464
2022-07-14,33.656673
2022-07-15,35.593391
2022-07-18,34.697292
2022-07-19,37.472309
2022-07-20,38.175697
2022-07-21,39.341583
2022-07-22,38.291325
2022-07-25,38.387676
2022-07-26,37.000175
2022-07-27,39.881172
2022-07-28,41.374668
2022-07-29,43.215046
2022-08-01,42.781452
2022-08-02,41.952793
2022-08-03,43.860622
2022-08-04,43.783531
2022-08-05,43.533012
2022-08-08,43.407745
2022-08-09,42.848900
2022-08-10,45.527550
2022-08-11,45.537182
2022-08-12,47.820793
2022-08-15,48.408562
2022-08-16,48.687992
2022-08-17,47.637722
2022-08-18,48.023140
2022-08-19,46.105675
2022-08-22,43.195778
2022-08-23,42.868164
2022-08-24,43.234314
2022-08-25,45.074673
2022-08-26,40.468937
2022-08-29,39.678833
2022-08-30,38.349133
2022-08-31,37.453026
2022-09-01,37.780636
2022-09-02,36.595478
2022-09-06,36.161892
2022-09-07,38.098618
2022-09-08,38.821274
2022-09-09,40.623100
2022-09-12,41.923893
2022-09-13,36.479855
2022-09-14,36.845993
2022-09-15,35.603024
2022-09-16,34.784019
2022-09-19,35.545216
2022-09-20,34.360050
2022-09-21,32.529316
2022-09-22,31.691031
2022-09-23,30.062641
2022-09-26,29.176176
2022-09-27,28.964195
2022-09-28,30.621496
2022-09-29,28.694405
2022-09-30,27.374346
2022-10-03,29.532690
2022-10-04,32.249893
2022-10-05,31.999374
2022-10-06,31.006918
2022-10-07,28.414974
2022-10-10,27.788670
2022-10-11,27.200905
2022-10-12,26.950386
2022-10-13,29.041275
2022-10-14,27.056374
2022-10-17,29.108728
2022-10-18,29.975918
2022-10-19,29.513416
2022-10-20,28.732946
2022-10-21,30.804567
2022-10-24,31.922281
2022-10-25,33.463955
2022-10-26,32.722027
2022-10-27,32.153538
2022-10-28,34.408230
2022-10-31,33.685566
2022-11-01,33.242336
2022-11-02,30.717852
2022-11-03,29.715763
2022-11-04,31.006918
2022-11-07,31.903013
2022-11-08,32.384789
2022-11-09,30.361341
2022-11-10,35.352501
2022-11-11,36.402775
2022-11-14,35.477760
2022-11-15,36.373863
2022-11-16,35.525940
2022-11-17,35.140530
2022-11-18,35.612659
2022-11-21,35.207973
2022-11-22,36.624386
2022-11-23,37.269962
2022-11-25,37.231415
2022-11-28,35.477760
2022-11-29,35.246517
2022-11-30,38.532215
2022-12-01,38.474403
2022-12-02,38.310596
2022-12-05,36.219692
2022-12-06,34.668392
2022-12-07,34.475677
2022-12-08,35.265785
2022-12-09,34.456406
2022-12-12,35.940269
2022-12-13,36.720741
2022-12-14,36.046257
2022-12-15,33.367607
2022-12-16,32.153538
2022-12-19,31.334522
2022-12-20,31.430874
2022-12-21,32.847286
2022-12-22,31.431007
2022-12-23,31.905039
2022-12-27,31.547087
2022-12-28,30.366858
2022-12-29,31.914713
2022-12-30,31.701876
2023-01-03,31.285892
2023-01-04,31.972752
2023-01-05,30.869909
2023-01-06,32.959511
2023-01-09,32.920811
2023-01-10,33.588318
2023-01-11,34.836266
2023-01-12,35.194218
2023-01-13,35.590851
2023-01-17,35.397366
2023-01-18,33.723766
2023-01-19,32.940159
2023-01-20,34.729862
2023-01-23,35.997154
2023-01-24,35.871395
2023-01-25,35.910099
2023-01-26,37.022614
2023-01-27,37.293480
2023-01-30,35.900417
2023-01-31,37.448269
2023-02-01,38.609150
2023-02-02,40.273098
2023-02-03,38.986439
2023-02-06,38.299576
2023-02-07,39.760361
2023-02-08,38.454365
2023-02-09,37.419243
2023-02-10,37.622398
2023-02-13,38.938072
2023-02-14,38.880032
2023-02-15,39.237972
2023-02-16,37.593376
2023-02-17,37.283813
2023-02-21,35.049099
2023-02-22,34.894321
2023-02-23,35.378014
2023-02-24,34.236477
2023-02-27,34.565395
2023-02-28,34.178448
2023-03-01,33.781796
2023-03-02,34.517021
2023-03-03,36.151951
2023-03-06,36.258354
2023-03-07,34.584747
2023-03-08,34.739532
2023-03-09,32.785374
2023-03-10,31.363287
2023-03-13,31.150455
2023-03-14,32.737003
2023-03-15,32.117863
2023-03-16,33.752781
2023-03-17,32.611240
2023-03-20,33.501247
2023-03-21,34.787899
2023-03-22,33.045448
2023-03-23,33.258770
2023-03-24,33.908436
2023-03-27,34.073277
2023-03-28,33.850254
2023-03-29,35.295025
2023-03-30,35.896202
2023-03-31,37.399147
2023-04-03,37.787014
2023-04-04,37.176136
2023-04-05,36.836765
2023-04-06,37.244015
2023-04-10,37.350677
2023-04-11,37.350677
2023-04-12,36.924026
2023-04-13,38.310616
2023-04-14,38.048820
2023-04-17,38.426975
2023-04-18,38.504547
2023-04-19,38.465763
2023-04-20,37.787014
2023-04-21,37.874279
2023-04-24,37.990631
2023-04-25,36.158005
2023-04-26,35.692574
2023-04-27,37.757927
2023-04-28,38.746964
2023-05-01,38.611210
2023-05-02,37.311882
2023-05-03,36.516777
2023-05-04,35.711979
2023-05-05,37.641567
2023-05-08,37.690041
2023-05-09,37.176136
2023-05-10,37.680347
2023-05-11,37.457336
2023-05-12,37.311882
2023-05-15,37.651264
2023-05-16,36.894939
2023-05-17,38.203953
2023-05-18,39.309349
2023-05-19,39.115429
2023-05-22,39.115429
2023-05-23,37.825802
2023-05-24,36.982212
2023-05-25,37.854885
2023-05-26,39.348133
2023-05-30,39.367538
2023-05-31,38.688782
2023-06-01,39.765087
2023-06-02,41.491058
2023-06-05,41.209846
2023-06-06,41.481358
2023-06-07,41.054703
2023-06-08,41.762550
2023-06-09,41.946777
2023-06-12,43.081264
2023-06-13,43.944256
2023-06-14,44.060593
2023-06-15,45.650829
2023-06-16,45.204781
2023-06-20,44.496948
2023-06-21,43.772270
2023-06-22,44.190540
2023-06-23,43.198368
2023-06-26,42.643917
2023-06-27,43.995991
2023-06-28,44.064083
2023-06-29,44.540726
2023-06-30,46.087341
2023-07-03,46.291607
2023-07-05,46.019249
2023-07-06,44.910351
2023-07-07,44.521263
2023-07-10,44.851982
2023-07-11,45.717709
2023-07-12,46.758514
2023-07-13,47.838226
2023-07-14,47.721497
2023-07-17,48.207859
2023-07-18,49.287575
2023-07-19,49.569668
2023-07-20,48.567760
2023-07-21,48.548309
2023-07-24,49.180584
2023-07-25,49.559933
2023-07-26,49.540478
2023-07-27,48.538582
2023-07-28,49.929573
2023-07-31,50.211655
2023-08-01,49.735027
2023-08-02,47.672859
2023-08-03,47.205959
2023-08-04,46.544514
2023-08-07,47.721497
2023-08-08,47.079506
2023-08-09,46.135975
2023-08-10,46.126244
2023-08-11,46.038692
2023-08-14,46.748787
2023-08-15,45.172974
2023-08-16,44.102993
2023-08-17,43.071907
2023-08-18,43.091366
2023-08-21,43.947361
2023-08-22,43.568001
2023-08-23,44.958988
2023-08-24,43.101097
2023-08-25,43.986263
2023-08-28,44.793621
2023-08-29,46.709877
2023-08-30,47.303226
2023-08-31,47.011421
2023-09-01,47.244869
2023-09-05,46.651520
2023-09-06,45.678791
2023-09-07,45.211884
2023-09-08,45.367523
2023-09-11,46.272148
2023-09-12,45.474518
2023-09-13,45.649612
2023-09-14,46.768238
2023-09-15,45.056255
2023-09-18,45.124348
2023-09-19,44.842255
2023-09-20,43.562553
2023-09-21,41.390759
2023-09-22,41.049889
2023-09-25,41.585529
2023-09-26,39.705906
2023-09-27,39.774082
2023-09-28,40.416851
2023-09-29,40.095467
2023-10-02,40.056507
2023-10-03,38.420361
2023-10-04,39.238430
2023-10-05,39.141041
2023-10-06,40.514244
2023-10-09,41.264145
2023-10-10,41.897186
2023-10-11,42.432823
2023-10-12,41.624489
2023-10-13,40.991455
2023-10-16,42.257526
2023-10-17,42.218567
2023-10-18,40.543461
2023-10-19,39.433220
2023-10-20,37.923664
2023-10-23,37.738625
2023-10-24,38.576187
2023-10-25,36.901073
2023-10-26,35.537609
2023-10-27,35.031185
2023-10-30,36.277775
2023-10-31,36.930290
2023-11-01,38.108715
2023-11-02,40.251289
2023-11-03,41.332310
2023-11-06,41.595268
2023-11-07,41.945881
2023-11-08,42.043262
2023-11-09,41.001202
2023-11-10,42.910038
2023-11-13,42.773697
2023-11-14,45.237663
2023-11-15,45.529823
2023-11-16,45.646698
2023-11-17,45.821991
2023-11-20,46.834850
2023-11-21,46.484249
2023-11-22,47.019897
2023-11-24,47.058853
2023-11-27,46.815380
2023-11-28,46.922508
2023-11-29,46.786163
2023-11-30,47.312069
2023-12-01,48.110668
2023-12-04,47.380238
2023-12-05,47.321808
2023-12-06,46.727730
2023-12-07,47.740582
2023-12-08,48.354145
2023-12-11,48.909264
2023-12-12,49.561775
2023-12-13,51.568012
2023-12-14,52.025745
2023-12-15,51.792004
2023-12-18,52.619823
2023-12-19,53.535286
2023-12-20,51.230923
2023-12-21,52.694946
2023-12-22,52.987747
2023-12-26,53.612396
2023-12-27,53.905201
2023-12-28,53.895443
2023-12-29,53.426956
2024-01-02,52.460705
2024-01-03,51.191879
2024-01-04,50.655079
2024-01-05,50.850277
2024-01-08,52.968227
2024-01-09,52.704700
2024-01-10,53.612396
2024-01-11,53.475754
2024-01-12,53.553829
2024-01-16,52.958469
2024-01-17,52.021488
2024-01-18,53.368389
2024-01-19,55.369217
2024-01-22,55.681541
2024-01-23,56.140266
2024-01-24,56.296432
2024-01-25,57.194363
2024-01-26,56.960117
2024-01-29,58.287498
2024-01-30,58.102058
2024-01-31,55.271626
2024-02-01,57.360283
2024-02-02,59.136631
2024-02-05,58.472942
2024-02-06,58.951191
2024-02-07,60.395687
2024-02-08,60.464008
2024-02-09,61.459549
2024-02-12,61.342415
2024-02-13,58.834068
2024-02-14,60.385925
2024-02-15,61.527863
2024-02-16,60.581131
2024-02-20,59.566074
2024-02-21,59.702713
2024-02-22,63.382294
2024-02-23,63.460369
2024-02-26,62.757648
2024-02-27,63.069965
2024-02-28,62.767395
2024-02-29,63.382294
2024-03-01,65.168388
2024-03-04,64.914627
2024-03-05,62.943085
2024-03-06,63.919090
2024-03-07,65.773521
2024-03-08,64.553513
2024-03-11,64.338776
2024-03-12,66.398163
2024-03-13,66.046799
2024-03-14,65.588074
2024-03-15,64.163086
2024-03-18,65.314789
2024-03-19,66.407921
2024-03-20,68.200195
2024-03-21,68.777077
2024-03-22,68.454422
2024-03-25,67.877525
2024-03-26,67.310417
2024-03-27,69.021530
2024-03-28,68.982422
2024-04-01,68.630432
2024-04-02,67.241974
2024-04-03,67.437531
2024-04-04,64.865959
2024-04-05,66.880196
2024-04-08,66.938858
2024-04-09,67.173531
2024-04-10,65.198410
2024-04-11,66.586853
2024-04-12,63.751301
2024-04-15,61.375290
2024-04-16,60.984180
2024-04-17,59.898830
2024-04-18,59.429497
2024-04-19,57.845505
2024-04-22,59.400166
2024-04-23,61.531734
2024-04-24,61.482849
2024-04-25,60.651730
2024-04-26,62.401955
2024-04-29,63.008186
2024-04-30,60.035736
2024-05-01,59.351284
2024-05-02,60.984180
2024-05-03,63.252632
2024-05-06,65.208191
2024-05-07,65.403740
2024-05-08,65.374405
2024-05-09,66.430420
2024-05-10,66.713982
2024-05-13,66.674850
2024-05-14,67.574409
2024-05-15,70.048195
2024-05-16,69.578873
2024-05-17,69.852646
2024-05-20,70.057983
2024-05-21,70.537094
2024-05-22,69.891762
2024-05-23,68.268631
2024-05-24,69.627754
2024-05-28,69.754860
2024-05-29,68.249084
2024-05-30,66.850845
2024-05-31,68.610870
2024-06-03,68.777077
2024-06-04,68.953087
2024-06-05,71.397530
2024-06-06,71.368210
2024-06-07,71.025970
2024-06-10,71.671326
2024-06-11,72.160217
2024-06-12,73.920212
2024-06-13,74.379768
2024-06-14,74.389549
2024-06-17,76.139793
2024-06-18,76.697113
2024-06-20,76.022446
2024-06-21,75.484650
2024-06-24,74.888214
2024-06-25,75.719330
2024-06-26,76.026253
2024-06-27,76.310638
2024-06-28,75.349640
2024-07-01,75.781113
2024-07-02,77.261826
2024-07-03,78.232613
2024-07-05,79.546623
2024-07-08,79.791771
2024-07-09,79.987900
2024-07-10,82.292305
2024-07-11,80.174217
2024-07-12,81.605904
2024-07-15,82.272705
2024-07-16,83.714188
2024-07-17,80.144806
2024-07-18,78.242424
2024-07-19,76.595001
2024-07-22,78.977875
2024-07-23,78.566032
2024-07-24,73.192314
2024-07-25,71.995964
2024-07-26,74.369034
2024-07-29,74.437683
2024-07-30,73.290367
2024-07-31,76.712692
2024-08-01,73.555145
2024-08-02,69.397377
2024-08-05,63.278393
2024-08-06,65.014084
2024-08-07,63.651043
2024-08-08,68.044144
2024-08-09,68.877640
2024-08-12,68.956108
2024-08-13,72.339188
2024-08-14,73.035423
2024-08-15,76.742104
2024-08-16,77.144142
2024-08-19,79.360313
2024-08-20,78.928841
2024-08-21,79.781960
2024-08-22,77.840370
2024-08-23,80.223244
2024-08-26,79.595657
2024-08-27,79.929077
2024-08-28,78.516991
2024-08-29,78.477760
2024-08-30,80.605675
2024-09-03,75.643822
2024-09-04,75.084885
2024-09-05,74.535744
2024-09-06,70.721191
2024-09-09,73.035423
2024-09-10,73.966988
2024-09-11,76.192955
2024-09-12,78.114960
2024-09-13,79.262245
2024-09-16,79.634872
2024-09-17,79.703529
2024-09-18,78.938644
2024-09-19,82.949326
2024-09-20,82.390373
2024-09-23,83.027763
2024-09-24,83.733803
2024-09-25,83.124252
2024-09-26,84.127052
2024-09-27,83.655167
2024-09-30,84.736610
2024-10-01,82.386917
2024-10-02,82.396729
2024-10-03,81.934654
2024-10-04,84.077904
2024-10-07,81.816696
2024-10-08,84.087738
2024-10-09,85.798393
2024-10-10,85.326492
2024-10-11,86.732376
2024-10-14,88.865768
2024-10-15,86.801201
2024-10-16,87.862984
2024-10-17,87.882652
2024-10-18,88.787140
2024-10-21,88.364380
2024-10-22,88.177597
2024-10-23,85.700073
2024-10-24,86.230980
2024-10-25,86.063835
2024-10-28,86.840523
2024-10-29,87.214111
2024-10-30,86.417778
2024-10-31,81.266136
2024-11-01,82.249283
2024-11-04,81.688881
2024-11-05,84.638290
2024-11-06,90.940208
2024-11-07,92.985138
2024-11-08,94.164894
2024-11-11,94.361519
2024-11-12,93.447212
2024-11-13,93.565178
2024-11-14,91.726715
2024-11-15,88.108772
2024-11-18,89.180389
2024-11-19,90.153694
2024-11-20,90.202843
2024-11-21,91.598900
2024-11-22,92.355919
2024-11-25,93.260399
2024-11-26,94.754776
2024-11-27,93.781471
2024-11-29,95.413490
2024-12-02,95.973877
2024-12-03,96.023026
2024-12-04,97.763168
2024-12-05,97.291267
2024-12-06,97.802513
2024-12-09,96.209816
2024-12-10,95.305336
2024-12-11,97.507568
2024-12-12,95.954201
2024-12-13,95.816559
2024-12-16,96.966843
2024-12-17,95.728081
2024-12-18,87.243599
2024-12-19,87.046974
2024-12-20,89.937408
2024-12-23,91.697205
2024-12-24,94.625282
2024-12-26,94.615425
2024-12-27,91.598618
2024-12-30,88.394493
2024-12-31,87.388893
2025-01-02,86.659332
2025-01-03,89.833885
2025-01-06,91.391579
2025-01-07,88.335342
2025-01-08,88.571945
2025-01-10,84.490379
2025-01-13,84.894600
2025-01-14,85.141060
2025-01-15,89.784592
2025-01-16,89.271935
2025-01-17,91.785927
2025-01-21,94.181641
2025-01-22,95.808350
2025-01-23,97.375900
2025-01-24,96.459030
2025-01-27,92.347893
2025-01-28,94.654869
2025-01-29,93.353500
2025-01-30,94.842178
2025-01-31,93.235184
2025-02-03,91.302849
2025-02-04,93.146454
2025-02-05,94.230934
2025-02-06,95.206963
2025-02-07,92.515488
2025-02-10,94.299942
2025-02-11,94.497116
2025-02-12,93.619682
2025-02-13,96.537903
2025-02-14,96.429459
2025-02-18,97.168877
2025-02-19,97.888565
2025-02-20,96.636482
2025-02-21,91.638054
2025-02-24,90.316963
2025-02-25,88.887444
2025-02-26,88.986023
2025-02-27,84.736855
2025-02-28,88.581802
2025-03-03,84.046730
2025-03-04,80.941193
2025-03-05,83.474915
2025-03-06,79.077873
2025-03-07,80.241211
2025-03-10,73.901970
2025-03-11,72.048523
2025-03-12,73.103416
2025-03-13,70.185196
2025-03-14,74.414635
2025-03-17,76.090645
2025-03-18,73.675224
2025-03-19,75.972336
2025-03-20,75.420242
2025-03-21,75.420242
2025-03-24,79.334206
2025-03-25,79.856720
2025-03-26,77.087852
2025-03-27,76.366478
2025-03-28,71.781319
2025-03-31,73.026436
2025-04-01,73.737923
2025-04-02,75.131248
2025-04-03,64.360092
2025-04-04,53.183796
2025-04-07,52.422897
2025-04-08,50.051270
2025-04-09,64.043884
2025-04-10,57.344028
2025-04-11,60.357979
2025-04-14,62.037880
2025-04-15,61.553673
2025-04-16,57.432964
2025-04-17,57.591068
2025-04-21,53.500015
2025-04-22,57.512020
2025-04-23,60.269039
2025-04-24,64.004356
2025-04-25,65.358162
2025-04-28,65.496506
2025-04-29,66.603264
2025-04-30,66.672440
2025-05-01,68.105309
2025-05-02,71.059959
2025-05-05,69.893906
2025-05-06,68.115181
2025-05-07,68.974899
2025-05-08,70.318825
2025-05-09,70.002602
2025-05-12,76.870445
2025-05-13,78.431770
2025-05-14,78.698578
2025-05-15,79.825104
2025-05-16,81.317261
2025-05-19,81.574188
2025-05-20,80.684822
2025-05-21,76.643158
2025-05-22,76.623398
2025-05-23,75.022552
2025-05-27,79.607697
2025-05-28,78.234138
2025-05-29,79.113617
2025-05-30,78.836922
2025-06-02,80.082039
2025-06-03,81.505013
2025-06-04,81.376541
2025-06-05,80.151207
2025-06-06,82.542595
2025-06-09,82.740234
2025-06-10,84.173096
2025-06-11,83.441849
2025-06-12,84.390488
2025-06-13,81.445717
2025-06-16,83.797592
2025-06-17,81.603821
2025-06-18,81.544525
2025-06-20,80.833054
2025-06-23,83.234322
2025-06-24,85.981453
2025-06-25,86.148895
2025-06-26,88.100754
2025-06-27,89.289703
2025-06-30,90.597542
2025-07-01,90.419189
2025-07-02,91.618042
2025-07-03,93.728416
2025-07-07,91.627960
2025-07-08,91.400070
2025-07-09,93.015053
2025-07-10,93.787880
2025-07-11,92.688103
2025-07-14,93.193390
2025-07-15,91.984634
2025-07-16,92.866440
2025-07-17,94.580498
2025-07-18,94.293167
2025-07-21,94.798470
2025-07-22,94.788559
2025-07-23,97.176353
2025-07-24,97.305161
2025-07-25,98.365303
2025-07-28,98.305855
2025-07-29,97.523132
2025-07-30,97.136726
2025-07-31,95.947777
2025-08-01,91.172188
2025-08-04,95.254234
2025-08-05,93.857231
2025-08-06,95.888336
2025-08-07,95.709999
2025-08-08,97.840187
2025-08-11,97.166451
2025-08-12,100.277527
2025-08-13,101.317848
2025-08-14,101.307938
2025-08-15,100.535118
2025-08-18,100.396408
2025-08-19,98.702171
2025-08-20,97.879814
2025-08-21,96.740410
2025-08-22,101.040428
2025-08-25,99.742500
2025-08-26,100.941345
2025-08-27,101.575439
2025-08-28,102.645500
2025-08-29,100.693649
2025-09-02,98.464378
2025-09-03,99.940659
2025-09-04,102.427521
2025-09-05,101.436737
2025-09-08,102.199646
2025-09-09,102.903107
2025-09-10,103.774994
2025-09-11,106.291595
2025-09-12,106.093445
2025-09-15,107.728241
2025-09-16,107.252663
2025-09-17,106.866257
2025-09-18,108.342522
2025-09-19,109.789070
2025-09-22,111.354515
2025-09-23,109.581009
2025-09-24,108.445328
2025-09-25,106.896683
2025-09-26,108.624031
2025-09-29,109.517479
2025-09-30,110.678963
2025-10-01,111.880157
2025-10-02,112.187912
2025-10-03,112.058846
2025-10-06,113.279907
2025-10-07,112.009224
2025-10-08,113.945030
2025-10-09,112.962227
2025-10-10,103.729881
2025-10-13,108.445328
2025-10-14,107.968826
2025-10-15,109.348717
2025-10-16,107.144867
2025-10-17,108.842422
2025-10-20,112.227623
2025-10-21,112.197830
2025-10-22,110.420868
2025-10-23,112.277252
2025-10-24,114.917900
2025-10-27,119.027794
2025-10-28,119.901375
2025-10-29,120.030441
2025-10-30,116.178658
2025-10-31,117.082054
2025-11-03,117.816666
2025-11-04,113.627365
2025-11-05,114.620079
2025-11-06,110.947006
2025-11-07,111.234894
2025-11-10,116.268005
2025-11-11,117.072121
2025-11-12,117.270660
2025-11-13,111.433434
2025-11-14,111.264671
2025-11-17,108.117737
2025-11-18,105.417519
2025-11-19,106.539299
2025-11-20,101.635231
2025-11-21,104.613403
2025-11-24,109.209740
2025-11-25,112.197830
2025-11-26,114.481094
2025-11-28,116.277931
2025-12-01,114.649864
2025-12-02,115.225647
2025-12-03,116.357353
2025-12-04,116.665100
2025-12-05,117.171387
2025-12-08,116.099243
2025-12-09,115.761719
2025-12-10,117.985428
2025-12-11,118.690254
2025-12-12,114.878197
2025-12-15,114.342125
2025-12-16,113.369247
2025-12-17,109.586960
2025-12-18,112.039001
2025-12-19,114.967537
2025-12-22,117.042328
2025-12-23,118.640625
2025-12-24,119.785507
2025-12-26,119.695915
2025-12-29,118.391731
2025-12-30,117.913864
2025-12-31,115.245766
2026-01-02,115.813240
2026-01-05,118.063194
2026-01-06,120.114052
2026-01-07,118.979111
2026-01-08,118.829773
2026-01-09,121.109604
2026-01-12,121.687035
2026-01-13,120.890587
2026-01-14,119.138397
2026-01-15,120.004539
2026-01-16,119.596352
2026-01-20,112.279007
2026-01-21,116.072083
2026-01-22,117.874046
2026-01-23,117.893951
2026-01-26,119.695915
2026-01-27,121.129509
2026-01-28,121.059830
2026-01-29,120.203644
2026-01-30,119.078667
2026-02-02,120.890587
2026-02-03,117.724709
2026-02-04,115.972519
2026-02-05,111.532341
2026-02-06,117.953690
2026-02-09,119.606308
2026-02-10,118.620712
2026-02-11,118.471375
2026-02-12,112.985847
2026-02-13,113.005768
2026-02-17,113.553314
2026-02-18,115.255714
2026-02-19,114.379639
2026-02-20,116.719193
2026-02-23,113.155106
2026-02-24,115.554390
2026-02-25,118.421593
2026-02-26,116.460350
2026-02-27,114.797760
2026-03-02,114.807716
2026-03-03,111.741402
2026-03-04,114.100876
2026-03-05,112.199356
2026-03-06,107.679527
2026-03-09,110.477051
2026-03-10,109.819969
2026-03-11,109.451622
2026-03-12,104.424057
2026-03-13,102.552406
2026-03-16,105.628677
2026-03-17,106.445038
2026-03-18,102.014809
2026-03-19,101.178535
2026-03-20,96.658699
2026-03-23,99.764847
2026-03-24,98.729462
2026-03-25,100.297989
2026-03-26,94.969788
2026-03-27,90.010765
2026-03-30,89.092796
2026-03-31,96.765816
2026-04-01,98.950974
2026-04-02,99.160507
2026-04-06,100.517502
2026-04-07,100.627266
2026-04-08,108.220459
2026-04-09,110.116264
2026-04-10,109.767036
2026-04-13,112.979927
2026-04-14,117.080841
2026-04-15,119.794838
2026-04-16,120.692848
2026-04-17,124.953423
2026-04-20,124.215050
2026-04-21,121.800400
2026-04-22,125.412407
2026-04-23,123.885788
2026-04-24,126.709526
2026-04-27,127.308205
2026-04-28,125.412407
2026-04-29,125.342560
2026-04-30,128.894684
2026-05-01,130.012222
2026-05-04,128.565430
2026-05-05,131.558807
2026-05-06,136.996765
2026-05-07,135.719589
2026-05-08,138.912521
2026-05-11,139.780594
2026-05-12,139.221832
2026-05-13,141.516754
2026-05-14,144.779541
2026-05-15,139.421387
2026-05-18,139.052216
2026-05-19,136.338211
2026-05-20,140.518967
2026-05-21,141.267303
2026-05-22,142.763992
2026-05-26,145.537857
2026-05-27,145.517899
2026-05-28,147.862717
2026-05-29,148.850510
2026-06-01,149.958069
2026-06-02,150.536789
2026-06-03,147.393753
2026-06-04,149.000198
2026-06-05,137.226257
2026-06-08,138.263962
2026-06-09,136.926910
2026-06-10,130.401367
2026-06-11,136.986771
2026-06-12,139.102097
2026-06-15,146.415924
2026-06-16,143.821655
2026-06-17,138.433578
2026-06-18,142.494583
2026-06-22,141.107666
2026-06-23,135.081009
2026-06-24,134.699997
2026-06-25,134.729996
2026-06-26,135.000504